,Date,Unix,Ticker,Price,stock_p_change,SP500,sp500_p_change,Difference,DE Ratio,Trailing P/E,Price/Sales,Price/Book,Profit Margin,Operating Margin,Return on Assets,Return on Equity,Revenue Per Share,Market Cap,Enterprise Value,Forward P/E,PEG Ratio,Enterprise Value/Revenue,Enterprise Value/EBITDA,Revenue,Gross Profit,EBITDA,Net Income Avl to Common ,Diluted EPS,Earnings Growth,Revenue Growth,Total Cash,Total Cash Per Share,Total Debt,Current Ratio,Book Value Per Share,Cash Flow,Beta,Held by Insiders,Held by Institutions,Shares Short (as of,Short Ratio,Short % of Float,Shares Short (prior ,Status
0,2011-08-02 06:45:37,1312281937.0,a,40.79,11.296043656207368,894.73999,-21.791883949300885,33.087927605508256,54.36,16.18,2.38,3.71,14.46,14.80,6.94,27.00,17.77,13850000000.0,13850000000.0,12.44,0.63,2.25,11.89,2.25,2930000000.0,11.89,890000000.0,2.52,85.20,31.90,2980000000.0,8.55,2150000000.0,3.20,11.36,13850000000.0,1.55,0.25,82.10,4360000.0,1.20,1.40,5420000.0,outperform
1,2013-05-14 00:28:58,1368505738.0,a,43.04,17.435197817189636,1897.449951,65.85375374604789,-48.418555928858254,44.12,13.75,2.19,2.83,15.96,15.69,6.85,22.38,19.85,15060000000.0,15060000000.0,13.08,2.07,2.18,10.75,2.18,3600000000.0,10.75,1100000000.0,3.13,22.20,2.80,2450000000.0,7.06,2360000000.0,2.55,15.41,1320000000.0,1.66,0.23,83.20,4370000.0,1.20,1.30,3080000.0,underperform
2,2013-09-06 06:09:52,1378462192.0,a,47.68,30.095497953615286,1318.069946,15.210863996038354,14.884633957576932,56.39,17.74,2.32,3.31,13.73,14.04,5.98,19.41,19.80,15860000000.0,15860000000.0,15.09,2.16,2.32,11.93,2.32,3600000000.0,11.93,938000000.0,2.69,30.90,4.10,2330000000.0,7.04,2700000000.0,2.96,14.46,1260000000.0,1.81,0.23,83.50,2780000.0,1.20,0.80,3300000.0,outperform
3,2004-08-21 23:10:00,1093144200.0,adbe,46.09,21.16193480546794,1095.170044,-4.263326705540752,25.425261511008692,3.526,29.72,7.19,8.61,25.17,33.92,25.33,36.21,6.174,11050000000.0,9770000000.0,25.46,1.79,6.47,17.27,6.47,1200000000.0,17.27,380310000.0,1.551,39.20,11.20,1280000000.0,5.34,3.526,3.526,5.264,558160000.0,1.463,1.91,83.27,9150000.0,3.026,3.89,8100000.0,outperform
4,2004-11-12 17:19:37,1100297977.0,adbe,58.1,52.733964248159836,1368.709961,19.64876056373312,33.085203684426716,3.1,34.06,8.74,11.37,26.34,35.14,26.31,37.06,6.475,13860000000.0,12800000000.0,29.79,2.17,8.02,20.77,8.02,1200000000.0,20.77,420250000.0,1.706,39.20,11.20,1140000000.0,4.78,3.1,3.1,5.137,621520000.0,1.458,1.90,82.95,6930000.0,2.476,2.96,8310000.000000001,outperform
5,2005-02-07 16:20:07,1107811207.0,adbe,63.67,67.3764458464774,1495.920044,30.769106872193724,36.60733897428367,3.436,35.00,9.16,10.78,27.02,35.51,26.01,36.15,6.73,15190000000.0,14310000000.0,28.81,2.12,8.59,21.93,8.59,1560000000.0,21.93,450400000.0,1.82,39.20,11.20,1310000000.0,5.38,3.436,3.436,5.934,621520000.0,1.519,10.85,80.71,6930000.0,2.587,3.18,6620000.0,outperform
6,2005-04-05 04:12:22,1112688742.0,adbe,66.58,75.02628811777076,1175.650024,2.772005929986139,72.25428218778463,3.511,34.70,9.47,9.99,27.93,34.92,25.97,35.48,6.882,16200000000.0,14780000000.0,28.45,2.09,8.61,22.34,8.61,1560000000.0,22.34,479260000.0,1.92,69.10,28.70,1470000000.0,6.03,3.511,3.511,6.682,683740000.0,1.615,0.79,83.16,5780000.0,2.594,2.40,5350000.0,outperform
7,2011-04-24 04:02:44,1303632164.0,adbe,33.48,-11.987381703470037,1337.380005,16.909984262888837,-28.897365966358876,28.03,19.80,4.28,3.14,22.23,28.48,8.69,16.65,7.72,15770000000.0,15770000000.0,13.18,1.06,3.97,11.10,3.97,3400000000.0,11.10,882120000.0,1.69,84.50,19.70,2640000000.0,5.23,1520000000.0,3.40,10.74,15770000000.0,1.51,0.43,86.30,16149999.999999998,2.30,3.20,15260000.0,underperform
8,2011-08-05 04:11:46,1312531906.0,adbe,26.15,-31.25657202944269,1218.589966,6.525694428917568,-37.782266458360255,28.17,14.01,3.34,2.51,23.78,28.84,8.93,18.22,7.98,12410000000.0,12410000000.0,10.18,1.01,3.07,8.56,3.07,3400000000.0,8.56,962940000.0,1.87,54.40,8.50,2630000000.0,5.32,1520000000.0,3.23,10.92,12410000000.0,1.54,0.43,86.30,13350000.0,2.00,2.60,13890000.0,underperform
9,2012-03-24 12:13:07,1332605587.0,adbe,33.81,-11.119873817034692,1402.890015,22.636684385163875,-33.75655820219857,25.26,21.69,3.93,2.78,18.51,27.90,8.47,13.73,8.55,15450000000.0,15450000000.0,12.76,1.49,3.65,10.62,3.65,3780000000.0,10.62,783470000.0,1.56,21.10,1.70,2770000000.0,5.60,1510000000.0,3.14,12.12,1530000000.0,1.61,5.44,87.30,13180000.0,3.40,2.70,13930000.0,underperform
10,2012-07-02 04:31:22,1341217882.0,adbe,32.37,-14.90536277602524,1362.160034,19.07618443755343,-33.98154721357867,24.76,20.91,3.54,2.52,17.94,27.87,8.53,13.54,8.78,14430000000.0,14430000000.0,12.22,1.44,3.33,9.67,3.33,3780000000.0,9.67,777910000.0,1.55,2.40,9.90,3000000000.0,6.10,1510000000.0,3.03,12.35,1580000000.0,1.32,6.54,85.80,15120000.0,3.90,3.10,16140000.0,underperform
11,2013-06-05 05:12:09,1370423529.0,aet,59.36,-23.406451612903226,1200.819946,-41.90405384441793,18.497602231514705,63.37,12.26,0.52,1.82,4.40,8.31,4.72,15.57,111.29,21220000000.0,21220000000.0,9.47,0.98,0.57,6.00,0.57,10860000000.0,6.00,1640000000.0,4.84,4.10,7.00,5250000000.0,16.12,6800000000.0,0.99,32.77,1350000000.0,1.09,0.37,97.40,4800000.0,1.50,1.60,20310000.0,outperform
12,2004-06-20 10:05:12,1087740312.0,amat,18.14,-9.163745618427633,1132.050049,1.2431270135178134,-10.406872631945447,0.065,72.27,5.28,3.60,7.38,9.00,4.18,5.33,3.444,30740000000.0,25390000000.0,15.12,0.88,4.31,28.54,4.31,1600000000.0,28.54,434370000.0,0.251,155.40,11.60,5910000000.0,3.49,558920000.0,4.769,5.097,838450000.0,2.347,0.87,70.02,27280000.0,0.72,1.62,32270000.000000004,underperform
13,2004-09-16 23:22:07,1095391327.0,amat,16.78,-15.973960941412107,1125.819946,0.6859474878480208,-16.659908429260128,0.061,31.72,4.05,3.13,12.97,17.50,8.46,10.88,4.074,28500000000.0,22870000000.0,14.72,0.94,3.25,14.43,3.25,1600000000.0,14.43,911750000.0,0.529,155.40,11.60,6600000000.0,3.88,558320000.0,4.595,5.361,1390000000.0,2.276,0.87,69.02,36690000.0,1.204,2.18,34350000.0,underperform
14,2004-10-18 20:51:33,1098147093.0,amat,15.86,-20.58087130696044,1108.199951,-0.8898692292117658,-19.691002077748674,0.061,29.98,3.79,2.93,12.97,17.50,8.46,10.88,4.074,26930000000.0,20620000000.0,15.25,1.03,2.93,13.01,2.93,1600000000.0,13.01,911750000.0,0.529,155.40,11.60,6600000000.0,3.88,558320000.0,4.595,5.361,1390000000.0,2.305,0.87,68.73,41100000.0,1.231,2.44,36690000.0,underperform
15,2004-12-09 07:35:16,1102595716.0,amat,17.27,-13.520280420630943,1190.25,6.448148678839536,-19.96842909947048,0.049,21.94,3.72,3.19,16.86,22.01,12.03,15.61,4.652,29330000000.0,23700000000.0,17.62,1.63,2.96,13.44,2.96,1600000000.0,13.44,1350000000.0,0.787,155.40,11.60,6580000000.0,3.87,456300000.0,4.494,5.501,1390000000.0,2.292,0.31,68.22,37640000.0,1.054,2.22,37710000.0,underperform
16,2011-09-25 19:13:07,1316992387.0,amat,10.59,-46.97045568352529,1129.560059,1.0204386491163622,-47.99089433264165,22.77,7.30,1.22,1.60,17.28,24.58,13.89,24.50,8.48,10140000000.0,10140000000.0,10.59,0.85,0.90,3.36,0.90,3720000000.0,3.36,1940000000.0,1.45,287.00,10.70,5760000000.0,4.37,1950000000.0,3.13,6.49,10140000000.0,1.27,0.13,79.30,23480000.0,1.20,2.10,23810000.0,underperform
17,2013-04-25 00:13:15,1366863195.0,amat,13.63,-31.747621432148215,1562.5,39.739745692658495,-71.48736712480671,27.25,649.05,1.99,2.26,0.32,11.38,4.55,0.33,6.53,15710000000.0,15710000000.0,12.86,2.41,1.94,11.74,1.94,3310000000.0,11.74,26000000.0,0.02,70.90,28.10,1750000000.0,1.46,1950000000.0,2.42,5.95,1690000000.0,1.54,0.41,78.60,15050000.0,1.30,1.30,15710000.0,underperform
18,2013-04-26 00:41:19,1366951279.0,amat,14.15,-29.143715573360033,1578.780029,41.195724644549124,-70.33944021790916,27.25,673.81,2.02,2.29,0.32,11.38,4.55,0.33,6.53,15710000000.0,15710000000.0,13.35,2.41,1.94,11.74,1.94,3310000000.0,11.74,26000000.0,0.02,70.90,28.10,1750000000.0,1.46,1950000000.0,2.42,5.95,1690000000.0,1.54,0.41,78.60,15050000.0,1.30,1.30,15710000.0,underperform
19,2004-05-12 19:41:03,1084405263.0,apa,40.16,0.0,1398.079956,0.0,0.0,0.319,11.64,3.04,1.93,25.88,44.71,9.40,18.16,13.406,13060000000.0,15520000000.0,13.43,1.43,3.55,4.82,3.55,3430000000.0,4.82,1130000000.0,3.451,102.40,63.70,61150000.0,0.19,2190000000.0,1.08,21.131001,2710000000.0,0.431,16.00,80.74,4059999.9999999995,1.697,1.49,3820000.0,underperform
20,2004-09-19 14:30:16,1095618616.0,apa,47.98,19.472111553784863,1123.5,-19.63978918527604,39.1119007390609,0.301,12.51,3.35,2.13,27.65,44.20,10.07,19.32,13.943,15640000000.0,17830000000.0,10.98,0.84,3.91,5.4,3.91,3430000000.0,5.4,1260000000.0,3.835,102.40,63.70,97480000.0,0.3,2190000000.0,1.187,22.011999,2780000000.0,0.446,16.01,77.02,2500000.0,1.427,0.91,2670000.0,outperform
21,2011-12-30 22:31:04,1325302264.0,apa,90.58,125.54780876494024,1265.430054,-9.488005419913202,135.03581418485345,25.81,8.81,2.18,1.30,25.76,49.31,11.58,16.39,41.51,41270000000.0,41270000000.0,7.33,0.69,2.60,3.46,2.60,9880000000.0,3.46,4010000000.0,10.28,28.80,43.40,586000000.0,1.53,7200000000.0,1.14,69.46,9100000000.0,1.52,0.48,86.40,3990000.0,1.30,1.00,4930000.0,outperform
22,2012-06-07 09:06:44,1339074404.0,apa,83.59,108.14243027888449,1507.339966,7.815004394498304,100.32742588438619,26.50,7.88,1.89,1.13,24.59,49.36,10.86,15.47,44.93,40400000000.0,40400000000.0,6.41,0.78,2.34,3.09,2.34,13990000000.0,3.09,4170000000.0,10.60,29.70,15.50,245000000.0,0.63,7870000000.0,1.05,74.09,9980000000.0,1.69,0.39,85.40,4840000.0,1.50,1.30,6210000.0,outperform
23,2013-05-10 03:19:15,1368170355.0,apa,81.47,102.8635458167331,1157.439941,-17.212178314070613,120.0757241308037,39.40,16.56,1.81,1.01,11.89,41.43,7.73,6.63,43.28,41760000000.0,41760000000.0,8.27,1.25,2.48,3.37,2.48,13810000000.0,3.37,1920000000.0,4.92,43.80,1.60,160000000.0,0.41,12340000000.0,0.90,76.87,8500000000.0,1.78,0.41,83.60,6440000.0,2.00,1.70,6040000.0,outperform
24,2013-04-22 08:22:31,1366633351.0,avb,133.07,81.6655290102389,1555.25,-24.565410343013067,106.23093935325197,56.76,30.77,14.37,2.23,40.00,36.96,2.49,4.70,10.88,16379999999.999998,16379999999.999998,19.63,2.95,15.46,25.29,15.46,1040000000.0,25.29,263800000.0,4.32,62.10,15.90,2730000000.0,23.89,3890000000.0,4.70,59.76,540820000.0,0.77,0.52,105.10,3910000.0,3.80,3.40,4290000.0,outperform
25,2004-09-19 14:30:24,1095618624.0,btu,55.2,0.0,1123.5,0.0,0.0,0.892,30.36,1.10,2.20,3.47,5.24,1.97,8.38,54.194,3540000000.0,4630000000.0,14.26,4.44,1.46,11.09,1.46,493680000.0,11.09,107790000.0,1.818,70.30,4.10,329350000.0,5.13,1410000000.0,1.316,24.768999,172080000.0,0.745,20.42,92.79,2500000.0,2.89,4.89,2029999.9999999998,underperform
26,2005-03-05 23:29:51,1110083391.0,btu,98.72,78.84057971014492,1161.170044,3.3529189141076956,75.48766079603723,0.826,34.95,1.72,3.71,4.94,6.74,2.92,10.81,57.011,6380000000.0,7410000000.0,14.67,2.44,2.04,14.4,2.04,493680000.0,14.4,178200000.0,2.83,70.30,4.10,389600000.0,6.03,1430000000.0,1.362,26.051001,225590000.0,0.839,1.41,88.84,2450000.0,2.456,3.85,2140000.0,outperform
27,2011-08-19 01:12:01,1313730721.0,btu,44.07,-20.16304347826087,1192.76001,6.164664886515351,-26.32770836477622,47.89,13.42,1.73,2.47,12.04,19.81,8.43,20.09,27.73,14120000000.0,14120000000.0,7.52,0.46,1.90,7.36,1.90,2020000000.0,7.36,893400000.0,3.28,38.10,20.90,1250000000.0,4.62,2510000000.0,2.09,19.26,14120000000.0,1.38,0.16,84.30,6950000.0,1.60,2.90,5430000.0,underperform
28,2011-10-22 00:50:54,1319259054.0,btu,38.89,-29.547101449275363,1209.880005,7.688473965287048,-37.23557541456241,47.89,11.84,1.39,1.98,12.04,19.81,8.43,20.09,27.73,11600000000.0,11600000000.0,7.03,0.29,1.56,6.05,1.56,2020000000.0,6.05,893400000.0,3.28,38.10,20.90,1250000000.0,4.62,2510000000.0,2.09,19.26,11600000000.0,1.42,0.16,84.30,11400000.0,1.70,4.80,13140000.0,underperform
29,2012-01-11 12:46:37,1326303997.0,btu,36.05,-34.69202898550726,1244.579956,10.7770321317312,-45.469061117238454,47.02,10.39,1.28,1.85,12.43,18.65,7.83,19.83,28.31,10870000000.0,10870000000.0,7.48,0.27,1.43,5.84,1.43,2020000000.0,5.84,944100000.0,3.47,22.30,9.20,1400000000.0,5.17,2500000000.0,2.09,19.53,1390000000.0,1.40,0.24,84.30,10970000.0,2.00,4.60,12350000.0,underperform
30,2012-09-09 16:28:31,1347222511.0,btu,23.71,-57.04710144927536,1095.949951,-2.452162794837556,-54.594938654437804,108.79,7.37,0.69,0.98,10.54,18.11,6.60,16.30,30.76,12260000000.0,12260000000.0,9.52,1.54,1.48,5.91,1.48,2420000000.0,5.91,912700000.0,3.22,28.10,0.90,489200000.0,1.82,6390000000.0,1.48,21.74,1690000000.0,1.94,0.32,75.20,17880000.0,1.90,7.40,18070000.0,underperform
31,2004-04-13 08:09:47,1081858187.0,cat,83.75,15.405815075099916,1559.97998,18.12213316553879,-2.7163180904388753,3.26,26.59,1.24,4.64,4.74,7.42,3.06,18.02,64.744,28790000000.0,48260000000.0,14.69,1.66,2.12,15.9,2.12,5820000000.0,15.9,1100000000.0,3.15,37.70,13.00,342000000.0,0.99,19820000000.0,1.33,17.681,2069999999.9999998,1.069,0.22,75.04,7210000.0,3.119,2.10,6400000.0,underperform
32,2004-10-23 05:48:06,1098524886.0,cat,77.34,6.572964034725108,1103.660034,-16.430544508891025,23.00350854361613,3.172,14.48,0.94,3.75,6.58,9.28,4.83,29.12,79.351,26510000000.0,48260000000.0,11.24,1.41,1.71,12.05,1.71,5820000000.0,12.05,1900000000.0,5.343,37.70,13.00,417000000.0,1.22,22270000000.0,1.42,20.541,1540000000.0,0.95,0.01,74.61,7730000.0,4.003,2.26,6360000.0,outperform
33,2005-02-04 04:32:23,1107509543.0,cat,91.8,26.49855312112444,1189.410034,-9.937529823571186,36.43608294469563,3.118,16.02,1.10,4.42,6.53,9.03,4.94,29.67,85.254,31330000000.0,53900000000.0,10.89,1.15,1.78,19.72,1.78,5820000000.0,19.72,2040000000.0,5.73,37.70,13.00,445000000.0,1.3,23280000000.0,1.349,20.575001,2190000000.0,1.065,0.01,73.31,5120000.0,2.336,1.50,7380000.0,outperform
34,2005-03-21 07:27:48,1111408068.0,cat,96.4,32.83726057599561,1189.650024,-9.919357711683954,42.75661828767956,3.151,16.82,1.09,4.45,6.53,9.03,4.94,29.67,85.254,32930000000.0,56010000000.0,11.41,1.20,1.85,13.56,1.85,7830000000.0,13.56,2040000000.0,5.73,85.20,32.90,445000000.0,1.3,23530000000.0,1.287,21.773001,3990000000.0,1.035,0.30,75.85,6700000.0,2.107,1.97,5120000.0,outperform
35,2011-09-03 08:40:17,1315053617.0,cat,85.38,17.65192228193469,1218.890015,-7.705297175688393,25.357219457623085,247.48,14.12,1.12,4.27,7.83,11.70,5.65,34.36,79.99,80100000000.0,80100000000.0,9.26,0.75,1.57,9.61,1.57,11310000000.0,9.61,4000000000.0,6.05,43.60,36.70,9460000000.0,14.64,34390000000.0,1.73,20.73,80100000000.0,1.93,0.27,66.90,13490000.0,1.00,2.40,11900000.0,outperform
36,2011-11-08 07:18:14,1320754694.0,cat,95.0,30.908088741904383,898.9500119999999,-31.931246305720745,62.83933504762513,233.25,14.52,1.11,4.37,7.81,11.60,5.80,35.21,86.69,94080000000.0,94080000000.0,10.52,0.61,1.69,10.56,1.69,11310000000.0,10.56,4350000000.0,6.54,44.10,41.20,1650000000.0,2.55,34299999999.999996,1.46,21.90,94080000000.0,1.94,0.27,66.90,17260000.0,1.50,3.00,17920000.0,outperform
37,2012-01-02 19:36:40,1325551000.0,cat,90.6,24.84497726333196,1257.599976,-4.774167785120947,29.619145048452907,233.25,13.85,1.05,4.14,7.81,11.67,5.83,35.21,86.69,91230000000.0,91230000000.0,10.03,0.58,1.64,10.20,1.64,11310000000.0,10.20,4350000000.0,6.54,44.10,41.20,1650000000.0,2.55,34299999999.999996,1.46,21.90,7580000000.0,2.11,0.27,66.90,16600000.000000002,2.10,2.90,15490000.0,outperform
38,2012-03-10 09:16:00,1331388960.0,cat,110.22,51.88094253823895,1224.709961,-7.264609189148813,59.14555172738776,258.16,14.89,1.19,5.54,8.19,11.91,6.16,40.29,93.24,104140000000.0,104140000000.0,9.74,0.44,1.73,10.75,1.73,15730000000.0,10.75,4930000000.0,7.40,59.80,34.60,1830000000.0,2.83,34600000000.0,1.34,19.90,7010000000.0,1.99,0.28,64.50,13430000.0,1.80,2.40,14840000.0,outperform
39,2012-05-20 21:07:15,1337562435.0,cat,88.68,22.199255890864013,1304.859985,-1.1956262986445816,23.394882189508593,232.43,11.18,0.91,3.83,8.37,12.12,6.37,37.40,97.61,92150000000.0,92150000000.0,7.73,0.52,1.46,8.97,1.46,15730000000.0,8.97,5290000000.0,7.93,29.50,23.40,1650000000.0,2.54,35960000000.0,1.39,22.95,6580000000.0,1.93,0.28,64.50,11700000.0,1.80,2.00,12310000.0,outperform
40,2012-07-19 10:15:20,1342707320.0,cat,82.52,13.710899820862622,1353.640015,2.4980116155284997,11.212888205334123,232.43,10.40,0.85,3.60,8.37,12.12,6.37,37.40,97.61,88140000000.0,88140000000.0,7.55,0.49,1.40,8.58,1.40,15730000000.0,8.58,5290000000.0,7.93,29.50,23.40,1650000000.0,2.54,35960000000.0,1.39,22.95,6580000000.0,1.98,0.29,65.30,18150000.0,2.40,3.10,16320000.0,outperform
41,2012-11-16 12:42:01,1353087721.0,cat,81.3,12.02976436544027,1374.530029,4.079809489330686,7.949954876109584,222.26,8.33,0.79,2.97,9.74,13.93,6.94,40.34,103.02,89640000000.0,89640000000.0,9.27,0.65,1.34,7.41,1.34,15730000000.0,7.41,6530000000.0,9.76,48.90,4.60,3390000000.0,5.19,39860000000.0,1.41,27.35,4760000000.0,1.83,0.22,65.00,18100000.0,2.50,3.10,18850000.0,outperform
42,2012-11-23 04:27:41,1353662861.0,cat,83.05,14.4412291580543,1387.810059,5.085377183925291,9.35585197412901,222.26,8.51,0.81,3.05,9.74,13.93,6.94,40.34,103.02,90780000000.0,90780000000.0,9.56,0.65,1.35,7.50,1.35,15730000000.0,7.50,6530000000.0,9.76,48.90,4.60,3390000000.0,5.19,39860000000.0,1.41,27.35,4760000000.0,1.83,0.22,65.00,18100000.0,2.50,3.10,18850000.0,outperform
43,2013-02-06 09:08:04,1360159684.0,cat,98.44,35.648339534242815,1262.859985,-4.375878389413483,40.024217923656295,228.32,11.61,0.98,3.67,8.62,13.89,6.70,36.94,100.94,101260000000.0,101260000000.0,10.47,0.87,1.54,8.46,1.54,15730000000.0,8.46,5680000000.0,8.48,54.90,6.80,3310000000.0,5.05,40140000000.0,1.43,26.79,5240000000.0,1.86,0.22,65.00,19460000.0,3.40,3.40,18690000.0,outperform
44,2013-04-22 03:06:55,1366614415.0,cat,80.43,10.83092186854074,1555.25,17.763977718293667,-6.933055849752927,228.37,9.48,0.80,3.01,8.62,13.21,6.37,36.94,100.94,89510000000.0,89510000000.0,9.01,0.75,1.36,7.77,1.36,18020000000.0,7.77,5680000000.0,8.48,54.90,6.80,3320000000.0,5.08,40150000000.0,1.43,26.76,5240000000.0,1.80,0.22,62.50,18830000.0,3.10,3.30,19140000.0,underperform
45,2013-05-12 19:32:38,1368401558.0,cat,88.62,22.11657709797439,1626.670044,23.171924010050972,-1.0553469120765833,221.07,11.95,0.94,3.24,7.88,11.96,5.47,29.55,96.47,95150000000.0,95150000000.0,11.01,0.93,1.51,9.13,1.51,18020000000.0,9.13,4980000000.0,7.42,44.50,17.30,3610000000.0,5.49,40500000000.0,1.46,27.79,6350000000.0,1.79,0.22,62.50,29560000.0,3.70,5.10,16559999.999999998,underperform
46,2004-02-03 06:20:09,1075807209.0,coh,35.71,6.121842496285296,880.900024,-14.787621331870305,20.9094638281556,0.064,34.07,5.86,11.13,18.85,29.94,31.75,44.86,5.916,6630000000.0,6240000000.0,24.43,1.43,5.56,18.58,5.56,677430000.0,18.58,199480000.0,1.048,70.80,32.50,372780000.0,2.01,37970000.0,2.904,3.18,242420000.0,1.345,1.71,87.68,3970000.0,1.932,2.18,4070000.0000000005,outperform
47,2004-05-21 06:44:30,1085136270.0,coh,39.59,17.652303120356628,1091.48999,5.583443984959064,12.068859135397563,0.025,33.61,6.32,11.37,19.89,31.62,32.87,44.11,6.346,7450000000.0,7240000000.0,24.29,1.35,5.96,17.09,5.96,677430000.0,17.09,225940000.0,1.178,70.80,32.50,445340000.0,2.37,16800000.0,3.733,3.587,359180000.0,1.321,1.75,84.23,2820000.0,2.335,1.52,3770000.0,outperform
48,2005-02-07 09:58:01,1107788281.0,coh,55.6,65.23031203566123,1495.920044,44.70530340974679,20.525008625914438,0.055,33.23,7.56,13.45,22.61,35.80,32.49,42.61,7.848,10500000000.0,10030000000.0,24.82,1.33,6.57,18.35,6.57,990080000.0,18.35,325830000.0,1.67,78.50,38.60,526630000.0,2.79,53880000.0,2.695,4.188,478000000.0,1.311,1.97,84.91,4150000.0000000005,3.042,2.24,5250000.0,outperform
49,2011-11-08 05:04:16,1320746656.0,coh,64.27,90.99554234769688,898.9500119999999,-13.041586174069938,104.03712852176682,1.33,21.28,4.39,10.38,21.11,31.21,30.55,53.36,14.65,17800000000.0,17800000000.0,16.19,1.28,4.14,12.15,4.14,3020000000.0,12.15,906910000.0,3.02,13.80,15.20,847970000.0,2.93,24060000.0,2.68,6.27,17800000000.0,1.71,1.62,89.10,5120000.0,1.30,1.80,4910000.0,outperform
50,2011-11-17 07:36:43,1321533403.0,coh,62.77,86.53789004457654,1251.780029,21.088830666611912,65.44905937796463,1.66,20.78,4.37,10.33,21.11,31.21,30.55,53.36,14.65,17500000000.0,17500000000.0,15.81,1.25,4.07,11.94,4.07,3020000000.0,11.94,906910000.0,3.02,13.80,15.20,847970000.0,2.91,30200000.0,2.68,6.24,17500000000.0,1.71,1.62,89.10,4130000.0,1.10,1.40,5120000.0,outperform
51,2012-06-10 06:27:30,1339324050.0,coh,64.0,90.19316493313522,1223.119995,18.31645059700997,71.87671433612525,1.21,19.12,3.84,9.20,21.34,31.74,32.25,53.78,16.03,17490000000.0,17490000000.0,15.38,1.12,3.77,10.91,3.77,3020000000.0,10.91,989960000.0,3.35,21.00,16.60,929670000.0,3.24,23450000.0,2.82,6.75,1160000000.0,1.37,0.89,90.70,5190000.0,1.80,1.80,4930000.0,outperform
52,2012-10-13 20:04:33,1350173073.0,coh,53.71,59.61367013372958,1802.619995,74.37340608890942,-14.759735955179842,1.17,15.22,3.26,7.79,21.81,31.74,32.93,57.63,16.52,14420000000.0,14420000000.0,12.12,1.01,3.03,8.77,3.03,3470000000.0,8.77,1040000000.0,3.53,24.20,12.00,917220000.0,3.22,23360000.0,2.51,6.99,1220000000.0,1.29,0.91,92.40,14950000.0,2.80,5.30,17110000.0,underperform
53,2013-03-30 07:42:37,1364643757.0,coh,49.99,48.5586924219911,1562.849976,51.17965754123921,-2.620965119248112,1.09,13.79,2.83,6.69,21.31,31.39,30.32,53.18,17.28,13280000000.0,13280000000.0,12.10,0.97,2.69,7.85,2.69,3470000000.0,7.85,1050000000.0,3.63,1.50,3.80,858660000.0,3.06,22710000.0,2.40,7.42,1220000000.0,1.21,0.94,91.90,13110000.0,2.10,4.70,12060000.0,underperform
54,2013-04-22 03:05:55,1366614355.0,coh,51.2,52.154531946508186,1555.25,50.44448667605974,1.7100452704484468,1.09,14.12,2.93,6.92,21.31,31.39,30.32,53.18,17.28,13540000000.0,13540000000.0,12.43,1.00,2.75,8.00,2.75,3470000000.0,8.00,1050000000.0,3.63,1.50,3.80,858660000.0,3.06,22710000.0,2.40,7.42,1220000000.0,1.20,0.94,91.90,15530000.0,2.50,5.50,12830000.0,outperform
55,2013-05-23 17:59:00,1369346340.0,coh,58.43,73.6404160475483,1666.290039,61.18575764075651,12.454658406791786,1.01,15.77,3.31,7.39,21.26,31.12,31.13,50.90,17.66,15740000000.0,15740000000.0,14.16,1.32,3.14,9.21,3.14,3470000000.0,9.21,1060000000.0,3.70,6.20,7.10,928490000.0,3.30,22610000.0,3.08,7.99,1320000000.0,1.22,0.94,91.90,17500000.0,2.90,6.20,17990000.0,outperform
56,2013-04-26 17:42:40,1367012560.0,ctas,44.65,9.57055214723926,1578.780029,19.140619944225296,-9.570067796986036,61.46,18.46,1.30,2.59,7.26,13.06,8.17,14.24,33.78,6550000000.0,6550000000.0,16.09,1.75,1.55,8.91,1.55,1740000000.0,8.91,305370000.0,2.42,1.70,6.30,245690000.0,2.01,1310000000.0,3.01,17.36,530490000.0,0.81,16.36,74.60,5060000.0,8.00,5.60,5860000.0,underperform
57,2011-10-08 05:35:10,1318066510.0,dds,44.21,181.0553083280356,919.2100220000001,-10.661769093020615,191.71707742105622,49.62,12.30,0.36,1.17,3.45,6.24,5.74,10.63,105.65,3040000000.0,3040000000.0,9.72,2.01,0.48,4.62,0.48,2280000000.0,4.62,218200000.0,3.59,157.20,3.80,179520000.0,3.49,958050000.0,1.95,37.52,3040000000.0,2.72,61.01,60.40,7020000.0,4.90,18.60,7030000.0,outperform
58,2013-05-10 01:45:27,1368164727.0,dds,86.15,447.67959313413866,1157.439941,12.491850866720199,435.18774226741846,41.83,12.54,0.61,2.10,4.98,7.98,8.06,16.70,140.29,4690000000.0,4690000000.0,11.19,2.15,0.69,5.87,0.69,2500000000.0,5.87,335960000.0,6.87,14.10,7.10,124060000.0,2.62,824020000.0,1.94,41.24,522700000.00000006,1.26,11.31,91.20,1650000.0,4.30,6.00,1840000.0,outperform
59,2013-04-22 06:29:54,1366626594.0,disca,77.85,441.37691237830313,1555.25,24.36427893304404,417.0126334452591,83.32,31.38,6.24,4.45,21.02,42.21,9.53,14.92,11.93,32380000000.000004,32380000000.000004,18.36,1.07,7.22,16.22,7.22,3270000000.0,16.22,954000000.0,2.48,33.30,8.50,1300000000.0,3.55,5240000000.0,2.89,17.22,1100000000.0,1.16,1.48,102.10,12680000.0,7.70,10.90,11790000.0,outperform
60,2012-05-18 12:22:34,1337358154.0,dps,40.83,61.76703645007924,1330.660034,-4.150459114614262,65.9174955646935,119.43,14.95,1.46,3.83,10.01,17.39,7.13,25.33,27.48,11150000000.0,11150000000.0,12.84,2.16,1.88,8.95,1.88,3420000000.0,8.95,594000000.0,2.73,10.50,2.30,203000000.0,0.96,2700000000.0,0.89,10.67,384000000.0,0.05,0.14,91.50,9990000.0,4.20,4.70,10480000.0,outperform
61,2012-06-25 18:08:39,1340662119.0,dps,42.79,69.53248811410461,1335.02002,-3.8364024467285684,73.36889056083318,119.43,15.68,1.53,4.02,10.01,17.39,7.13,25.33,27.48,11580000000.0,11580000000.0,13.42,2.10,1.95,9.30,1.95,3420000000.0,9.30,594000000.0,2.73,10.50,2.30,203000000.0,0.96,2700000000.0,0.89,10.67,384000000.0,0.04,0.28,97.30,11010000.0,4.50,5.20,10170000.0,outperform
62,2013-05-11 10:07:02,1368281222.0,dps,49.0,94.13629160063392,1337.77002,-3.6383156095952227,97.77460721022915,124.92,16.34,1.65,4.43,10.53,18.24,7.77,28.14,28.83,12620000000.0,12620000000.0,14.71,2.04,2.10,9.62,2.10,3500000000.0,9.62,633000000.0,3.00,3.90,1.30,220000000.0,1.08,2800000000.0,1.06,10.98,843000000.0,0.22,0.29,99.80,6160000.0,4.50,3.40,6060000.0,outperform
63,2013-05-10 02:43:39,1368168219.0,ecl,86.78,96.78004535147392,1157.439941,-28.291040558588037,125.07108591006195,100.03,32.06,2.16,4.17,6.84,13.10,5.71,13.59,40.55,31120000000.0,31120000000.0,20.91,1.63,2.62,13.64,2.62,5360000000.0,13.64,813500000.0,2.71,221.10,2.20,824300000.0,2.79,6230000000.0,1.72,20.82,1280000000.0,0.58,9.61,77.60,3040000.0,2.90,1.20,3090000.0,outperform
64,2011-11-16 00:14:53,1321420493.0,eqr,58.75,97.01542588866532,2164.449951,146.43910385141618,-49.42367796275086,143.47,17.77,7.96,3.09,45.53,27.72,2.34,1.06,7.37,26230000000.0,26230000000.0,21.13,2.66,12.18,20.53,12.18,1180000000.0,20.53,1300000.0,3.31,274.70,12.80,56570000.0,0.19,8940000000.0,0.61,18.66,26230000000.0,1.45,3.39,94.60,14620000.0,5.60,5.20,15290000.0,underperform
65,2013-07-01 01:13:08,1372655588.0,eqr,58.06,94.70154258886654,1215.680054,38.41442854309788,56.28711404576867,112.70,10.66,9.49,2.09,77.34,30.12,2.07,1.98,7.10,33259999999.999996,33259999999.999996,18.55,3.44,15.01,23.94,15.01,1380000000.0,23.94,82590000.0,5.45,600.40,20.80,56140000.0,0.16,12200000000.0,0.22,27.98,1010000000.0,0.72,1.95,99.10,7320000.0,2.40,2.30,9340000.0,outperform
66,2011-10-01 08:47:58,1317473278.0,expe,25.75,27.982107355864805,1151.060059,-10.073432890625007,38.05554024648981,54.59,16.56,2.04,2.58,12.09,21.14,6.56,15.59,13.19,6420000000.0,6420000000.0,11.60,1.15,1.76,7.40,1.76,2660000000.0,7.40,440270000.0,1.56,22.90,22.70,2290000000.0,8.35,1650000000.0,0.99,10.51,6420000000.0,1.91,19.85,73.90,21340000.0,4.10,12.70,20930000.0,outperform
67,2011-11-19 18:16:49,1321744609.0,expe,27.46,36.48111332007952,1236.910034,-3.3664035937500003,39.84751691382952,54.16,16.30,1.90,2.51,12.47,20.76,6.65,16.35,13.85,6970000000.0,6970000000.0,12.60,1.20,1.84,7.78,1.84,2660000000.0,7.78,473260000.0,1.69,18.70,15.50,2009999999.9999998,7.51,1650000000.0,0.99,10.77,6970000000.0,1.63,19.85,73.90,18020000.0,3.50,10.70,16320000.0,outperform
68,2013-02-06 13:07:55,1360174075.0,expe,67.5,235.4870775347912,1262.859985,-1.339063671874996,236.8261412066662,50.53,27.25,2.37,3.86,8.95,13.72,4.34,12.93,28.71,8000000000.0,8000000000.0,18.39,1.45,2.08,11.33,2.08,2690000000.0,11.33,355480000.0,2.48,18.20,17.50,2360000000.0,17.48,1250000000.0,0.94,17.47,1270000000.0,0.81,22.13,95.30,9740000.0,5.30,11.10,9920000.0,outperform
69,2004-09-30 15:30:08,1096572608.0,fosl,30.59,22.851405622489967,1103.52002,6.747148654978406,16.10425696751156,0.009,28.97,2.52,4.73,9.09,14.55,13.71,18.88,11.601,2160000000.0,2020000000.0,20.39,1.19,2.36,13.79,2.36,401380000.0,13.79,77930000.0,1.056,16.00,17.80,142030000.0,2.01,4280000.0,3.318,6.441,85050000.0,0.987,46.87,67.60,1830000.0,5.202,4.87,1460000.0,outperform
70,2004-10-23 06:00:16,1098525616.0,fosl,28.06,12.690763052208837,1103.660034,6.760692673211792,5.930070378997045,0.009,26.57,2.34,4.41,9.09,14.55,13.71,18.88,11.601,1990000000.0,1870000000.0,18.71,1.14,2.18,12.78,2.18,401380000.0,12.78,77930000.0,1.056,16.00,17.80,142030000.0,2.01,4280000.0,3.318,6.441,85050000.0,0.966,46.87,67.06,1830000.0,5.202,4.87,1460000.0,outperform
71,2010-12-24 17:32:54,1293229974.0,fosl,72.53,191.285140562249,1254.599976,21.361613485366895,169.92352707688212,0.79,21.56,2.52,4.48,12.30,18.37,16.27,23.46,27.69,4350000000.0,4350000000.0,17.23,1.25,2.34,11.38,2.34,844850000.0,11.38,228520000.0,3.36,93.20,37.40,371550000.0,5.71,8440000.0,3.79,16.06,4350000000.0,1.68,20.96,79.00,2049999.9999999998,2.10,4.50,2220000.0,outperform
72,2011-08-15 01:21:29,1313385689.0,fosl,93.36,274.9397590361446,1178.810059,14.030203642392337,260.90955539375227,0.94,22.72,2.61,5.57,12.65,19.55,19.67,28.07,32.96,5560000000.0,5560000000.0,16.64,0.92,2.56,11.92,2.56,1160000000.0,11.92,275120000.0,4.11,55.50,36.60,355250000.0,5.62,9690000.0,3.55,16.11,5560000000.0,1.49,17.68,73.70,1210000.0,1.50,2.60,1170000.0,outperform
73,2012-02-18 04:01:15,1329555675.0,fosl,118.19,374.65863453815257,1343.22998,29.93508749654011,344.72354704161245,1.39,28.03,3.04,7.06,11.22,18.64,19.12,26.59,38.10,7190000000.0,7190000000.0,17.96,1.07,2.95,14.31,2.95,1160000000.0,14.31,273450000.0,4.22,2.10,22.70,239570000.0,3.83,14870000.0,3.18,16.78,249380000.0,1.28,16.15,83.90,5350000.0,4.20,11.50,5560000.0,outperform
74,2013-02-06 17:04:58,1360188298.0,fosl,104.48,319.59839357429723,1262.859985,22.160631530018655,297.4377620442786,15.89,20.88,2.26,5.43,11.32,16.84,17.03,29.07,44.46,6250000000.0,6250000000.0,17.02,1.07,2.28,11.95,2.28,1440000000.0,11.95,310180000.0,5.00,10.30,6.40,143020000.0,2.38,184850000.0,3.05,19.02,337040000.0,1.89,16.40,89.60,2350000.0,3.50,6.00,2530000.0,outperform
75,2013-04-26 13:17:02,1366996622.0,fosl,94.89,281.08433734939763,1578.780029,52.720624360919274,228.36371298847837,6.28,16.97,1.97,4.59,12.02,17.45,17.89,30.06,46.88,5500000000.0,5500000000.0,13.69,0.94,1.92,9.74,1.92,1610000000.0,9.74,343400000.0,5.59,28.20,14.10,177360000.0,2.99,77930000.0,2.81,20.69,451600000.0,1.89,16.63,88.80,2900000.0,4.00,7.40,2820000.0,outperform
76,2004-09-18 19:28:21,1095550101.0,gild,36.89,-38.63938789088489,1120.369995,0.19853963711044795,-38.83792752799534,0.273,34.00,14.12,12.17,44.98,42.99,33.75,59.26,2.364,15880000000.0,15250000000.0,33.54,1.61,13.96,30.94,13.96,755170000.0,30.94,491570000.0,1.085,199.90,85.90,975590000.0,2.27,345300000.0,8.762,2.944,374920000.0,0.883,1.52,89.77,26570000.0,3.203,6.27,15220000.0,underperform
77,2004-11-06 23:52:14,1099803134.0,gild,37.42,-37.757817697937455,1286.569946,15.062372524708728,-52.82019022264618,0.247,32.09,13.22,11.52,43.64,45.49,32.45,50.97,2.638,16200000000.0,15400000000.0,32.54,1.88,12.64,26.61,12.64,755170000.0,26.61,531710000.00000006,1.166,199.90,85.90,1150000000.0,2.65,345290000.0,7.849,3.228,374920000.0,0.848,1.53,93.26,15820000.0,3.962,3.71,14890000.0,underperform
78,2005-02-05 15:06:29,1107633989.0,grmn,56.96,0.0,1162.160034,0.0,0.0,3.172,29.20,8.76,7.29,29.88,35.63,23.08,27.02,6.529,6160000000.0,5870000000.0,24.77,1.92,8.25,20.61,8.25,330540000.0,20.61,212680000.0,1.95,25.10,23.20,366550000.0,3.39,3.172,3.172,7.91,228550000.0,0.936,38.97,26.50,5880000.0,5.699,8.90,5750000.0,underperform
79,2005-03-06 00:45:11,1110087911.0,grmn,51.93,-8.830758426966295,1308.119995,12.559368480227743,-21.390126907194038,3.605,27.52,7.23,5.90,26.98,35.49,21.00,24.61,6.993,5620000000.0,5300000000.0,18.82,1.42,6.95,19.59,6.95,330540000.0,19.59,205700000.0,1.89,25.10,23.20,314280000.0,2.91,3.605,3.605,8.636,228550000.0,0.959,38.97,26.97,6360000.0,7.469,9.63,5880000.0,underperform
80,2005-04-30 07:02:42,1114858962.0,grmn,39.5,-30.65308988764045,1156.380005,-0.49735224331419514,-30.155737644326255,3.614,19.75,5.52,4.70,27.41,35.49,21.61,25.46,7.291,4280000000.0000005,4080000000.0,14.31,1.18,5.13,13.38,5.13,411240000.0,13.38,218450000.0,2.00,15.20,33.10,314280000.0,2.9,3.614,3.614,8.639,208940000.0,0.956,39.03,27.01,6410000.0,9.918,9.69,6540000.0,underperform
81,2012-03-25 04:07:29,1332662849.0,hp,55.52,-26.356280673829417,1392.780029,6.324763276253534,-32.68104395008295,10.16,12.78,2.19,1.71,17.69,28.02,9.66,14.81,25.08,5960000000.0,5960000000.0,9.72,0.72,2.22,5.55,2.22,1110000000.0,5.55,473140000.0,4.34,38.50,23.20,347860000.0,3.24,350000000.0,2.34,32.10,975530000.0,1.60,3.04,92.00,7160000.0,4.10,6.90,7650000.0,underperform
82,2012-06-29 17:27:04,1341005224.0,hp,42.87,-43.13569438917629,1319.98999,0.7679750509793333,-43.90366944015562,9.72,9.23,1.57,1.24,17.74,27.76,9.72,15.02,26.57,4490000000.0,4490000000.0,8.27,0.57,1.58,3.98,1.58,1110000000.0,3.98,503700000.0,4.62,31.30,27.40,324390000.0,3.02,350000000.0,2.59,33.54,964630000.0,1.52,3.06,96.20,5330000.0,2.80,5.10,4210000.0,underperform
83,2012-10-25 01:21:26,1351142486.0,hp,48.65,-35.468895078922934,1433.819946,9.457748650142824,-44.92664372906576,9.63,9.74,1.72,1.43,18.04,28.12,10.19,15.92,28.21,5400000000.0,5400000000.0,10.69,0.91,1.79,4.48,1.79,1110000000.0,4.48,543540000.0,4.99,36.50,27.30,148870000.0,1.41,350000000.0,2.28,34.39,894090000.0,1.44,3.12,92.80,5010000.0,3.30,4.80,5300000.0,underperform
84,2013-03-14 20:18:40,1363306720.0,hp,65.41,-13.237829950921878,1846.339966,40.949507980370385,-54.18733793129226,5.89,11.90,2.06,1.69,18.27,28.07,10.23,15.84,30.65,6820000000.0,6820000000.0,11.52,2.07,2.09,5.22,2.09,1400000000.0,5.22,586420000.0,5.50,10.60,15.30,241150000.0,2.27,235000000.0,2.29,37.56,1110000000.0,1.60,3.10,93.30,5110000.0,3.70,5.00,6020000.0,underperform
85,2013-04-22 02:16:48,1366611408.0,hp,57.28,-24.021753548215944,1555.25,18.727713380641323,-42.74946692885727,5.89,10.42,1.87,1.53,18.27,28.07,10.23,15.84,30.65,6080000000.0,6080000000.0,10.14,1.87,1.86,4.65,1.86,1400000000.0,4.65,586420000.0,5.50,10.60,15.30,241150000.0,2.27,235000000.0,2.29,37.56,1110000000.0,1.66,3.11,93.30,6720000.0,4.20,6.50,6490000.0,underperform
86,2013-05-11 03:47:31,1368258451.0,hp,62.46,-17.150815758058098,1337.77002,2.125301722407844,-19.276117480465942,4.67,10.95,2.01,1.60,18.54,28.35,10.31,15.69,31.37,6590000000.0,6590000000.0,11.07,2.26,1.98,4.85,1.98,1400000000.0,4.85,607980000.0,5.70,16.50,8.90,172990000.0,1.63,195000000.0,3.06,39.26,1060000000.0,1.65,3.11,93.30,7420000.0,4.90,7.20,6720000.0,underperform
87,2004-06-21 02:34:17,1087799657.0,ibm,90.06,-2.805957263112448,1135.02002,57.72930209213904,-60.53525935525148,0.84,20.12,1.67,5.41,8.57,11.42,7.89,29.10,52.211,151780000000.0,166950000000.0,16.34,1.82,1.83,10.99,1.83,33020000000.000004,10.99,7830000000.0,4.477,111.90,9.80,8500000000.0,5.04,23670000000.0,1.204,16.723,15850000000.0,1.467,1.00,56.66,13360000.0,2.335,0.80,12010000.0,underperform
88,2004-08-10 07:33:46,1092137626.0,ibm,83.55,-9.831642564213253,1186.439941,64.8749278168403,-74.70657038105355,0.761,17.93,1.51,4.85,8.72,11.40,8.09,29.16,53.466,139960000000.0,153580000000.0,15.16,1.68,1.65,10.04,1.65,33020000000.000004,10.04,8090000000.0,4.66,111.90,9.80,8189999999.999999,4.89,21930000000.0,1.205,17.209999,15850000000.0,1.449,1.00,56.94,13540000.0,2.797,0.82,13780000.0,underperform
89,2004-10-10 03:40:11,1097394011.0,ibm,86.71,-6.421325275199657,1130.650024,57.12202080451433,-63.543346079713984,0.761,18.61,1.58,5.08,8.72,11.40,8.09,29.16,53.466,145260000000.0,158990000000.0,15.71,1.74,1.71,10.39,1.71,33020000000.000004,10.39,8090000000.0,4.66,111.90,9.80,8189999999.999999,4.89,21930000000.0,1.205,17.209999,16000000000.0,1.445,1.00,56.82,12120000.0,2.886,0.73,11860000.0,underperform
90,2004-12-09 01:53:46,1102575226.0,ibm,96.65,4.306065184545661,1190.25,65.40439684506049,-61.09833166051483,0.739,20.55,1.69,5.39,8.56,11.22,8.05,28.57,55.008,160890000000.0,172260000000.0,17.48,1.95,1.82,11.24,1.82,33020000000.000004,11.24,8109999999.999999,4.703,111.90,9.80,9670000000.0,5.81,21950000000.0,1.207,17.841999,16030000000.000002,1.584,1.00,56.19,11120000.0,1.781,0.68,10270000.0,underperform
91,2004-12-10 14:12:52,1102705972.0,ibm,97.51,5.234189510036702,1196.47998,66.27015284947704,-61.03596333944034,0.739,20.73,1.71,5.47,8.56,11.22,8.05,28.57,55.008,162320000000.0,174600000000.0,17.63,1.93,1.84,11.39,1.84,33020000000.000004,11.39,8109999999.999999,4.703,111.90,9.80,9670000000.0,5.81,21950000000.0,1.207,17.841999,16030000000.000002,1.584,1.00,56.20,11120000.0,1.781,0.68,10270000.0,underperform
92,2005-02-27 08:07:22,1109509642.0,ibm,92.8,0.15109000647528661,1200.199951,66.78710269995896,-66.63601269348368,0.771,18.74,1.57,5.12,8.77,11.40,8.19,29.27,56.349,151510000000.0,163870000000.0,15.09,1.65,1.70,10.31,1.70,33020000000.000004,10.31,8449999999.999999,4.95,111.90,9.80,10570000000.0,6.47,22930000000.0,1.18,18.077,16030000000.000002,1.646,1.00,57.23,12470000.0,2.391,0.77,11230000.0,underperform
93,2005-04-03 17:00:31,1112562031.0,ibm,90.44,-2.395855816965248,1180.589966,64.06197962407937,-66.45783544104462,0.771,18.26,1.55,5.06,8.77,11.40,8.19,29.27,56.349,147660000000.0,160010000000.0,14.68,1.61,1.66,10.07,1.66,36030000000.0,10.07,8449999999.999999,4.95,11.20,8.00,10570000000.0,6.47,22930000000.0,1.18,18.077,15320000000.0,1.63,0.63,56.02,11030000.0,2.423,0.68,12470000.0,underperform
94,2005-07-08 08:33:52,1120826032.0,ibm,77.38,-16.490394992445502,1392.569946,93.52001006737112,-110.01040505981662,0.782,15.47,1.29,4.17,8.73,12.09,7.09,29.23,58.477,124840000000.0,139600000000.0,14.38,1.57,1.44,8.366,1.44,36030000000.0,8.366,8490000000.0,5.00,2.90,3.30,8650000000.0,5.362,23410000000.0,1.222,18.546,13840000000.0,1.64,0.12,56.00,8310000.000000001,0.8,0.50,12700000.0,underperform
95,2011-09-02 09:26:44,1314970004.0,ibm,170.33,83.82257716382475,1212.920044,68.55476437647908,15.267812787345662,128.27,13.83,1.95,8.80,14.70,20.02,12.06,69.26,84.97,221400000000.0,221400000000.0,11.51,1.09,2.12,8.58,2.12,46010000000.0,8.58,15370000000.0,12.32,8.20,12.40,11790000000.0,9.87,29770000000.0,1.18,19.36,221400000000.0,0.70,0.07,61.00,17150000.0,2.20,1.40,15590000.0,outperform
96,2011-11-02 02:48:36,1320216516.0,ibm,181.35,95.71551910209368,876.1900019999999,21.76070472798348,73.9548143741102,134.78,14.29,2.04,9.76,14.68,20.21,12.38,69.84,87.69,236440000000.0,236440000000.0,12.22,1.21,2.22,8.96,2.22,46010000000.0,8.96,15620000000.0,12.69,7.00,7.80,11330000000.0,9.61,30160000000.0,1.26,18.91,236440000000.0,0.69,0.07,61.00,23140000.0,3.40,1.90,23060000.0,outperform
97,2012-01-01 10:05:04,1325430304.0,ibm,183.88,98.44593136196849,1263.02002,75.51696249639674,22.928968865571747,134.78,14.49,2.06,9.84,14.68,20.21,12.38,69.84,87.69,235560000000.0,235560000000.0,12.39,1.26,2.21,8.93,2.21,46010000000.0,8.93,15620000000.0,12.69,7.00,7.80,11330000000.0,9.61,30160000000.0,1.26,18.91,19540000000.0,0.41,0.07,61.00,16880000.0,3.60,1.40,17760000.0,outperform
98,2012-01-29 11:51:13,1327855873.0,ibm,190.46,105.54716166630695,1318.430054,83.21707865093092,22.330083015376033,154.78,14.58,2.07,11.00,14.83,20.01,11.63,73.05,89.32,240330000000.0,240330000000.0,11.57,1.14,2.25,9.18,2.25,46010000000.0,9.18,15860000000.0,13.06,4.40,1.60,11920000000.0,10.28,31320000000.0,1.21,17.36,19800000000.0,0.41,0.07,61.60,14940000.0,2.90,1.20,14660000.0,outperform
99,2012-02-03 07:32:43,1328272363.0,ibm,191.53,106.7019210015109,1066.619995,48.224017589461404,58.47790341204949,154.78,14.67,2.09,11.10,14.83,20.01,11.63,73.05,89.32,241570000000.0,241570000000.0,11.66,1.21,2.26,9.22,2.26,46010000000.0,9.22,15860000000.0,13.06,4.40,1.60,11920000000.0,10.28,31320000000.0,1.21,17.36,19800000000.0,0.52,0.07,61.60,14940000.0,2.90,1.20,14660000.0,outperform
100,2012-02-04 13:40:44,1328380844.0,ibm,193.64,108.97906324195985,1190.329956,65.41550801830489,43.56355522365496,154.78,14.83,2.08,11.03,14.83,20.01,11.63,73.05,89.32,244020000000.0,244020000000.0,11.79,1.22,2.28,9.32,2.28,46010000000.0,9.32,15860000000.0,13.06,4.40,1.60,11920000000.0,10.28,31320000000.0,1.21,17.36,19800000000.0,0.52,0.07,61.60,14940000.0,2.90,1.20,14660000.0,outperform
101,2012-02-13 09:23:42,1329143022.0,ibm,192.42,107.66242175696092,1800.9000239999998,150.2640472572778,-42.601625500316885,154.78,14.73,2.09,11.08,14.83,20.01,11.63,73.05,89.32,242610000000.0,242610000000.0,11.70,1.19,2.27,9.26,2.27,46010000000.0,9.26,15860000000.0,13.06,4.40,1.60,11920000000.0,10.28,31320000000.0,1.21,17.36,19800000000.0,0.52,0.07,61.60,13450000.0,2.40,1.10,14940000.0,underperform
102,2012-02-20 08:18:06,1329743886.0,ibm,193.42,108.74163608892727,1361.22998,89.16481731511342,19.57681877381384,154.78,14.81,2.09,11.12,14.83,20.01,11.63,73.05,89.32,243770000000.0,243770000000.0,11.76,1.19,2.28,9.31,2.28,46010000000.0,9.31,15860000000.0,13.06,4.40,1.60,11920000000.0,10.28,31320000000.0,1.21,17.36,19800000000.0,0.52,0.07,61.60,13450000.0,2.40,1.10,14940000.0,outperform
103,2012-02-24 19:21:06,1330129266.0,ibm,197.06,112.6699762572847,1362.209961,89.30100144972769,23.36897480755701,154.78,15.12,2.14,11.38,14.83,20.01,11.63,73.05,89.32,248630000000.0,248630000000.0,12.00,1.20,2.33,9.49,2.33,46010000000.0,9.49,15860000000.0,13.06,4.40,1.60,11920000000.0,10.28,31320000000.0,1.21,17.36,19800000000.0,0.52,0.07,61.60,13450000.0,2.40,1.10,14940000.0,outperform
104,2012-02-26 15:50:17,1330289417.0,ibm,197.76,113.42542628966112,1363.459961,89.47470907086301,23.950717218798104,154.78,15.14,2.14,11.38,14.83,20.01,11.63,73.05,89.32,248800000000.0,248800000000.0,12.02,1.22,2.33,9.50,2.33,46010000000.0,9.50,15860000000.0,13.06,4.40,1.60,11920000000.0,10.28,31320000000.0,1.21,17.36,19800000000.0,0.52,0.07,61.60,13450000.0,2.40,1.10,14940000.0,outperform
105,2012-05-01 22:04:54,1335924294.0,ibm,208.0,124.47658104899635,1170.349976,62.638968181399726,61.837612867596626,154.23,15.51,2.23,11.54,15.01,20.60,12.07,73.73,90.57,258529999999.99997,258529999999.99997,12.52,1.29,2.42,9.65,2.42,50140000000.0,9.65,16059999999.999998,13.41,7.10,0.30,12390000000.0,10.74,32049999999.999996,1.28,17.95,20340000000.0,0.61,0.07,61.60,11680000.0,3.00,1.00,12670000.0,outperform
106,2012-07-01 23:23:25,1341199405.0,ibm,195.58,111.07273904597454,1158.310059,60.96582790881027,50.106911137164275,154.23,14.59,2.06,10.67,15.01,20.60,12.07,73.73,90.57,245260000000.0,245260000000.0,11.76,1.11,2.29,9.16,2.29,50140000000.0,9.16,16059999999.999998,13.41,7.10,0.30,12390000000.0,10.74,32049999999.999996,1.28,17.95,20340000000.0,0.65,0.09,60.30,15830000.0,3.90,1.40,15320000.0,outperform
107,2012-09-01 02:26:34,1346480794.0,ibm,194.85,110.28491258363911,1410.48999,96.01028863847544,14.274623945163668,157.73,14.16,2.08,10.79,15.34,20.82,12.15,74.37,90.90,242180000000.0,242180000000.0,11.70,1.19,2.28,9.04,2.28,50140000000.0,9.04,16280000000.000002,13.77,5.90,3.30,11230000000.0,9.83,32439999999.999996,1.22,17.91,20500000000.0,0.59,0.09,60.30,14370000.0,3.90,1.20,14530000.0,outperform
108,2012-10-22 07:39:40,1350905980.0,ibm,193.36,108.6768832290093,1433.189941,99.16481222895429,9.512071000055016,155.38,13.90,2.10,10.21,15.53,20.47,11.86,73.84,90.69,239910000000.0,239910000000.0,11.61,1.31,2.29,9.18,2.29,50140000000.0,9.18,16260000000.000002,13.91,0.40,5.40,12250000000.0,10.84,33670000000.0,1.22,18.94,21200000000.0,0.61,0.09,59.90,15350000.0,4.20,1.30,18490000.0,outperform
109,2012-11-12 15:38:08,1352752688.0,ibm,188.82,103.77725016188215,1427.839966,98.4213470846475,5.355903077234657,155.39,13.58,2.05,9.95,15.53,20.83,12.06,73.84,90.69,235640000000.0,235640000000.0,11.36,1.29,2.25,8.89,2.25,50140000000.0,8.89,16260000000.000002,13.91,0.40,5.40,12300000000.0,10.89,33670000000.0,1.22,19.06,20340000000.0,0.64,0.09,59.90,15500000.0,3.40,1.30,15400000.0,outperform
110,2013-05-16 13:28:56,1368725336.0,ibm,203.32,119.42585797539391,2046.609985,184.40940150892948,-64.98354353353557,173.82,14.02,2.18,11.81,16.05,21.05,11.68,82.86,91.27,245840000000.0,245840000000.0,11.08,1.17,2.38,9.31,2.38,50300000000.0,9.31,16570000000.0,14.50,1.10,5.10,12060000000.0,10.88,33400000000.0,1.16,17.22,19320000000.0,0.65,0.09,59.10,16719999.999999998,3.40,1.50,16629999.999999998,underperform
111,2004-05-05 16:40:05,1083789605.0,josb,32.15,-24.81290926099158,1181.390015,14.279771336375186,-39.092680597366765,0.401,21.65,1.09,3.71,5.54,10.18,9.99,22.56,26.983,342110000.0,361940000.0,14.04,0.60,1.21,9.5,1.21,172300000.0,9.5,16600000.000000002,1.485,51.70,23.10,0.08,0.08,35080000.0,2.129,8.295,12850000.0,0.762,19.18,95.00,3230000.0,8.917,37.54,3260000.0,underperform
112,2004-10-13 12:41:25,1097685685.0,josb,29.1,-31.94574368568755,1587.72998,53.586382781733235,-85.53212646742078,0.375,19.30,1.16,4.02,6.36,11.58,11.50,25.08,23.683,389790000.0,425400000.0,13.99,0.54,1.27,9.04,1.27,172300000.0,9.04,21310000.0,1.508,51.70,23.10,0.06,0.06,36390000.0,2.398,7.247,13340000.0,0.728,19.37,95.00,5860000.0,10.697,54.28,5570000.0,underperform
113,2005-03-02 04:25:03,1109755503.0,josb,28.01,-34.49485500467726,1073.430054,3.8364465241505066,-38.331301528827765,0.397,18.14,1.05,3.55,6.33,11.23,11.23,23.93,24.346,375190000.0,402970000.0,13.53,0.52,1.17,8.56,1.17,172300000.0,8.56,21860000.0,1.54,51.70,23.10,1250000.0,0.09,40690000.0,2.365,7.641,23850000.0,0.84,11.91,95.00,5380000.0,17.345,45.57,5210000.0,underperform
114,2004-11-29 03:12:11,1101715931.0,kmx,28.9,28.90276538804637,1182.650024,8.580696486619493,20.322068901426874,0.139,28.61,0.62,4.00,2.21,3.61,10.23,15.49,45.72,3010000000.0,3060000000.0,25.13,1.62,0.63,15.92,0.63,570890000.0,15.92,106770000.0,1.01,22.80,13.10,56610000.0,0.54,104640000.0,3.303,7.212,98220000.0,2.162,4.02,95.00,13860000.0,10.423,13.88,14280000.0,outperform
115,2005-01-23 18:25:50,1106522750.0,kmx,29.86,33.18465655664584,1175.410034,7.915983223352216,25.268673333293627,0.154,29.83,0.63,4.05,2.12,3.48,9.84,14.78,47.107,3110000000.0,3200000000.0,25.74,1.78,0.64,16.76,0.64,570890000.0,16.76,105760000.0,1.001,22.80,13.10,25760000.0,0.25,118270000.0,3.231,7.387,101030000.0,2.277,1.75,95.00,12250000.0,11.782,11.97,13860000.0,outperform
116,2012-11-04 01:54:19,1352012059.0,kmx,34.68,54.68331846565565,1427.589966,31.068963480264078,23.614354985391575,184.54,19.65,0.76,2.71,3.88,6.57,5.34,14.89,46.40,12920000000.0,12920000000.0,17.25,1.64,1.23,16.50,1.23,1380000000.0,16.50,409550000.0,1.77,0.40,6.90,458630000.0,2.00,5440000000.0,3.73,12.91,272170000.0,1.84,0.52,100.20,12570000.0,4.40,7.20,13350000.0,outperform
117,2013-05-23 17:08:07,1369343287.0,life,73.96,126.10822378477526,1666.290039,24.806386709125373,101.30183707564989,51.15,31.32,3.34,2.71,10.97,20.89,5.83,8.92,21.99,14770000000.0,14770000000.0,15.87,1.75,3.87,12.33,3.87,2130000000.0,12.33,419410000.0,2.36,8.60,2.50,277880000.0,1.62,2400000000.0,1.56,27.34,808790000.0,1.28,0.43,98.60,2060000.0,0.30,1.20,2610000.0,outperform
118,2004-05-29 11:52:51,1085845971.0,mat,17.48,0.0,1114.939941,0.0,0.0,0.321,14.98,1.48,3.40,10.28,14.93,12.07,23.62,11.372,7380000000.0,7320000000.0,13.45,1.33,1.46,7.86,1.46,2430000000.0,7.86,513780000.0,1.167,133.70,1.50,787970000.0,1.87,709540000.0,1.863,5.156,712860000.0,0.014,2.22,89.74,11620000.0,2.714,2.81,9160000.0,underperform
119,2004-09-16 01:00:37,1095310837.0,mat,17.98,2.860411899313501,1125.819946,0.9758377648792098,1.8845741344342912,0.357,15.29,1.44,3.43,10.27,14.85,12.17,23.84,11.601,7450000000.0,7610000000.0,14.38,1.39,1.51,8.17,1.51,2430000000.0,8.17,516440000.00000006,1.176,133.70,1.50,363520000.0,0.88,705900000.0,1.649,5.11,686020000.0,0.015,0.00,89.94,15220000.0,8.119,3.68,15720000.0,outperform
120,2004-12-05 00:56:04,1102226164.0,mat,18.65,6.693363844393582,1187.76001,6.531299698052513,0.16206414634106903,0.32,15.81,1.58,3.50,10.06,14.42,11.60,22.86,11.69,7740000000.0,8130000000.000001,15.04,1.64,1.63,8.99,1.63,2430000000.0,8.99,502240000.0,1.18,133.70,1.50,331140000.0,0.8,718610000.0,1.584,5.42,609950000.0,0.143,1.99,93.54,12020000.0,7.49,2.96,15670000.0,outperform
121,2011-08-02 23:02:06,1312340526.0,mat,25.48,45.76659038901602,894.73999,-19.74993835116362,65.51652874017964,38.92,13.06,1.49,3.68,11.62,15.48,12.66,28.37,17.19,9680000000.0,9680000000.0,10.71,0.96,1.60,8.79,1.60,2950000000.0,8.79,697150000.0,1.95,56.10,14.10,418480000.0,1.22,960000000.0,2.82,7.17,9680000000.0,0.99,0.36,90.20,4940000.0,1.20,1.40,6150000.0,outperform
122,2013-02-03 10:18:22,1359904702.0,mat,38.26,118.87871853546909,817.369995,-26.689325142761216,145.5680436782303,49.23,17.23,2.04,4.44,12.09,15.90,10.46,27.35,18.79,13320000000.0,13320000000.0,12.71,1.45,2.08,11.20,2.08,3150000000.0,11.20,776500000.0,2.22,17.30,4.70,1340000000.0,3.89,1510000000.0,2.07,8.47,1280000000.0,0.64,0.34,92.40,7620000.0,2.70,2.20,6360000.0,outperform
123,2013-05-13 08:14:02,1368447242.0,mat,45.98,163.04347826086953,1633.77002,46.53435220328158,116.50912605758796,54.29,19.99,2.45,5.21,12.44,18.59,12.85,28.37,18.92,16280000000.000002,16280000000.000002,14.83,1.49,2.51,11.74,2.51,3410000000.0,11.74,799110000.0,2.30,391.90,7.20,1260000000.0,3.65,1650000000.0,3.51,8.83,1040000000.0,0.65,0.32,91.40,3770000.0,1.40,1.10,4650000.0,outperform
124,2004-08-11 15:09:59,1092251399.0,myl,15.36,-43.941605839416056,1328.170044,28.47828997788116,-72.41989581729722,6.042,12.75,2.99,2.38,24.08,35.77,17.95,20.83,5.006,4130000000.0,3320000000.0,11.82,0.73,2.40,6.71,2.40,762470000.0,6.71,332780000.0,1.205,22.90,8.30,812990000.0,3.03,6.042,6.042,6.469,225580000.0,0.331,5.23,59.83,6130000.0,2.289,2.41,6560000.0,underperform
125,2004-11-26 08:01:32,1101474092.0,myl,18.56,-32.26277372262774,1176.939941,13.84930093058804,-46.112074653215785,0.011,17.63,3.71,2.76,21.83,32.63,15.16,17.47,4.829,4990000000.0,4210000000.0,16.57,1.44,3.17,8.8,3.17,762470000.0,8.8,290160000.0,1.053,22.90,8.30,799470000.0,2.97,18760000.0,8.451,6.63,309410000.0,0.338,5.20,69.06,25940000.0,10.225,10.17,20410000.0,underperform
126,2005-03-10 01:41:21,1110436881.0,myl,18.0,-34.30656934306569,1202.26001,16.298595116929395,-50.60516445999508,0.01,20.59,3.82,2.67,18.92,28.12,12.26,13.99,4.631,4850000000.0,4040000000.0,21.43,1.60,3.18,10.03,3.18,762470000.0,10.03,240310000.0,0.87,22.90,8.30,835270000.0,3.1,18750000.0,8.489,6.741,238820000.0,0.289,14.20,72.95,23380000.0,10.858,10.12,27480000.0,underperform
127,2005-05-01 17:13:11,1114981991.0,myl,16.5,-39.78102189781021,1143.219971,10.587456482825848,-50.36847838063606,0.01,18.88,3.50,2.45,18.92,28.12,12.26,13.99,4.631,4440000000.0,3630000000.0,19.88,1.50,2.86,9.03,2.86,762470000.0,9.03,240310000.0,0.87,22.90,8.30,835270000.0,3.1,18750000.0,8.489,6.741,238820000.0,0.162,14.20,72.18,6590000.0,4.349,2.85,24990000.0,underperform
128,2011-10-17 04:07:02,1318838822.0,myl,17.67,-35.51094890510948,1224.579956,18.457677462923535,-53.968626368033014,146.09,19.35,1.31,1.97,7.12,16.75,5.39,12.13,14.98,12740000000.0,12740000000.0,7.58,0.78,2.19,8.87,2.19,2220000000.0,8.87,361640000.0,0.91,69.80,15.00,466140000.0,1.09,5670000000.0,1.49,9.08,12740000000.0,0.74,1.67,86.00,28000000.0,3.50,6.40,34360000.0,underperform
129,2013-05-23 12:07:07,1369325227.0,nile,34.57,18.390410958904113,1666.290039,48.31242002670227,-29.922009067798157,4.49,49.11,1.03,28.88,2.19,3.19,7.80,32.90,32.19,362940000.0,362940000.0,32.92,2.21,0.88,25.07,0.88,75060000.0,25.07,9070000.0,0.70,440.30,16.90,40520000.0,3.27,4.49,0.97,1.20,21310000.0,1.17,6.37,106.00,2220000.0,15.40,26.00,2380000.0,underperform
130,2004-10-15 21:58:54,1097891934.0,omc,71.84,0.0,2102.060059,0.0,0.0,0.71,19.44,1.48,3.71,8.25,12.84,5.53,20.58,48.532,13450000000.0,15450000000.0,16.75,1.70,1.68,11.45,1.68,2780000000.0,11.45,698250000.0,3.696,5.00,14.40,678400000.0,3.62,2590000000.0,0.901,19.496,1150000000.0,1.294,3.98,82.97,3570000.0,4.534,1.99,4220000.0,underperform
131,2005-01-22 06:20:38,1106392838.0,omc,84.06,17.01002227171492,1184.630005,-43.644331191775905,60.65435346349082,0.709,22.31,1.68,4.35,8.11,12.58,5.49,20.10,50.383,15750000000.0,18070000000.0,19.41,1.94,1.91,13.23,1.91,2780000000.0,13.23,708280000.0,3.767,5.00,14.40,453300000.0,2.42,2580000000.0,0.886,19.562,1020000000.0,1.258,4.02,81.00,3740000.0,4.472,2.08,3250000.0,outperform
132,2005-02-19 20:16:45,1108862205.0,omc,85.61,19.16759465478841,1210.339966,-42.42124715619269,61.5888418109811,0.709,22.73,1.67,4.32,8.11,12.58,5.49,20.10,50.383,16040000000.0,18170000000.0,19.77,1.83,1.92,13.31,1.92,2780000000.0,13.31,708280000.0,3.77,5.00,14.40,453300000.0,2.42,2580000000.0,0.886,19.562,1020000000.0,1.25,4.02,79.16,5000000.0,5.609,2.78,3740000.0,outperform
133,2005-03-14 22:10:41,1110856241.0,omc,89.52,24.61024498886413,1200.079956,-42.90934025115787,67.519585240022,0.709,24.09,1.74,4.50,8.00,12.40,5.42,19.80,50.447,16770000000.0,18630000000.0,18.31,1.68,1.97,13.82,1.97,2780000000.0,13.82,697800000.0,3.72,5.00,14.40,453300000.0,2.42,2580000000.0,0.886,19.562,1020000000.0,1.26,4.02,82.13,5000000.0,4.907,2.78,5000000.0,outperform
134,2011-03-03 05:35:21,1299148521.0,omc,49.65,-30.88808463251671,1059.02002,-49.619897135393884,18.731812502877176,78.17,18.39,1.12,3.94,6.60,11.75,4.91,21.09,41.86,15010000000.0,15010000000.0,13.53,1.95,1.20,8.70,1.20,12540000000.0,8.70,819700000.0,2.70,7.40,9.80,2300000000.0,8.10,3200000000.0,0.93,12.54,15010000000.0,1.21,0.57,87.20,7250000.0,3.70,2.40,6080000.0,outperform
135,2011-10-11 02:30:33,1318314633.0,omc,40.15,-44.1119153674833,1239.699951,-41.02452279171534,-3.0873925757679572,76.01,13.18,0.82,3.05,6.79,12.92,6.02,23.64,45.90,13060000000.0,13060000000.0,10.91,1.21,0.99,6.62,0.99,12540000000.0,6.62,889100000.0,3.05,13.10,14.70,1000000000.0,3.59,3220000000.0,0.87,12.72,13060000000.0,1.25,0.75,89.40,8660000.0,3.20,3.10,7440000.0,underperform
136,2012-01-07 15:37:41,1325968661.0,omc,44.04,-38.69710467706014,1277.300049,-39.235796640004565,0.5386919629444265,77.97,13.77,0.90,3.53,6.81,12.99,5.94,23.70,48.18,14440000000.0,14440000000.0,12.07,1.13,1.06,7.08,1.06,12540000000.0,7.08,917500000.0,3.20,16.70,12.90,912000000.0,3.31,3200000000.0,0.88,12.49,1440000000.0,1.31,1.04,91.20,6950000.0,4.10,2.50,6610000.0,outperform
137,2013-06-08 08:40:38,1370695238.0,omc,63.93,-11.010579064587978,1360.030029,-35.30013459049316,24.28955552590518,115.81,17.47,1.10,4.97,6.98,12.67,5.57,27.46,53.96,18430000000.0,18430000000.0,14.60,1.76,1.29,8.79,1.29,14220000000.0,8.79,975400000.0,3.66,0.20,2.80,2089999999.9999998,8.08,4460000000.0,0.97,12.27,1240000000.0,1.46,0.73,96.10,16420000.000000002,9.20,7.10,17460000.0,outperform
138,2005-02-07 17:53:17,1107816797.0,pcl,37.64,0.0,1495.920044,0.0,0.0,0.842,20.45,4.55,3.10,22.19,30.89,7.75,15.39,8.298,6910000000.0,8439999999.999999,24.44,4.82,5.52,14.41,5.52,380000000.0,14.41,339000000.0,1.84,17.60,5.20,347000000.0,1.89,1890000000.0,2.712,12.13,587000000.0,0.669,0.87,46.39,2560000.0,4.617,1.41,2810000.0,underperform
139,2005-04-15 00:41:42,1113540102.0,pcl,35.74,-5.04782146652497,2114.48999,41.35046846126758,-46.398289927792554,0.842,19.41,4.38,2.99,22.19,30.89,7.75,15.39,8.298,6570000000.0,8240000000.0,22.48,4.52,5.39,14.05,5.39,558000000.0,14.05,339000000.0,1.84,88.50,27.80,347000000.0,1.89,1890000000.0,2.712,12.194,600000000.0,0.635,0.88,48.91,3090000.0,4.977,1.70,3190000.0,underperform
140,2012-04-29 17:26:35,1335734795.0,pcl,41.93,11.397449521785333,1399.97998,-6.413448658891016,17.81089818067635,219.56,35.24,5.80,5.35,16.54,23.48,4.03,14.64,7.22,9280000000.0,9280000000.0,28.72,16.92,7.95,25.08,7.95,378000000.0,25.08,193000000.0,1.19,3.40,11.50,254000000.0,1.57,2770000000.0,0.56,7.83,374000000.0,0.96,0.29,68.40,9310000.0,12.10,5.80,9140000.0,outperform
141,2013-04-26 01:17:38,1366953458.0,pcl,53.4,41.870350690754506,1578.780029,5.539065094578013,36.33128559617649,241.21,42.72,6.47,7.07,15.16,20.99,4.06,16.33,8.29,11080000000.0,11080000000.0,31.79,2.44,8.28,28.06,8.28,396000000.0,28.06,203000000.0,1.25,29.50,12.40,356000000.0,2.19,2950000000.0,1.08,7.55,353000000.0,0.98,0.34,68.40,8970000.0,12.30,5.60,9160000.0,outperform
142,2004-06-21 23:35:14,1087875314.0,pg,55.5,0.0,1135.02002,0.0,0.0,1.007,12.81,2.87,8.45,12.28,18.55,12.39,37.98,35.3,71330000000.0,155830000000.0,10.86,2.05,3.16,14.29,3.16,21240000000.0,14.29,5930000000.0,4.331,19.20,7.80,5750000000.0,4.47,18410000000.0,1.011,13.037,8900000000.0,0.174,1.00,58.64,6390000.0,1.954,0.50,10010000.0,underperform
143,2004-08-20 21:43:29,1093052609.0,pg,54.85,-1.1711711711711685,1081.709961,-4.696838651356996,3.525667480185828,1.206,23.64,2.72,8.74,12.61,19.12,12.51,39.18,18.423,141000000000.0,156530000000.0,19.11,1.83,3.04,13.54,3.04,21240000000.0,13.54,6380000000.0,2.32,19.20,7.80,5890000000.0,2.29,20840000000.0,0.773,6.231,8900000000.0,0.135,1.00,57.59,9780000.0,1.842,0.38,14620000.0,outperform
144,2004-11-29 12:26:31,1101749191.0,pg,53.64,-3.3513513513513504,1182.650024,4.196402103991091,-7.547753455342441,1.167,22.19,2.57,8.08,12.69,18.99,12.24,40.10,19.051,136070000000.0,152300000000.0,18.69,1.78,2.88,12.84,2.88,26330000000.0,12.84,6590000000.0,2.417,25.00,18.50,6720000000.0,2.65,21430000000.0,0.855,6.641,9670000000.0,0.213,1.00,58.38,10270000.0,1.526,0.41,10220000.0,underperform
145,2005-01-09 05:57:35,1105268255.0,pg,55.92,0.7567567567567599,877.5200199999999,-22.68682450200306,23.44358125875982,1.167,23.14,2.65,8.33,12.69,18.99,12.24,40.10,19.051,141850000000.0,158080000000.0,19.42,1.87,2.99,13.33,2.99,26330000000.0,13.33,6590000000.0,2.417,25.00,18.50,6720000000.0,2.65,21430000000.0,0.855,6.641,9670000000.0,0.204,0.56,58.21,9610000.0,1.847,0.38,10270000.0,outperform
146,2005-02-07 03:04:36,1107763476.0,pg,52.62,-5.189189189189194,1495.920044,31.796798086433757,-36.98598727562295,1.169,20.94,2.55,8.02,12.81,19.16,12.09,40.18,19.6,133479999999.99998,149330000000.0,18.21,1.74,2.76,12.25,2.76,26330000000.0,12.25,6810000000.0,2.51,25.00,18.50,8170000000.0,3.24,23250000000.0,0.878,6.641,9670000000.0,0.204,0.56,56.78,9540000.0,1.958,0.38,9610000.0,underperform
147,2011-09-25 01:41:59,1316929319.0,pg,61.25,10.36036036036036,1129.560059,-0.4810453475525499,10.84140570791291,47.08,15.59,2.04,2.55,14.29,19.16,7.42,18.23,29.44,198920000000.0,198920000000.0,13.29,1.61,2.41,10.66,2.41,41790000000.0,10.66,11560000000.0,3.93,14.90,10.20,2770000000.0,1.01,32009999999.999996,0.81,24.01,198920000000.0,0.48,0.03,58.10,31820000.0,2.10,1.20,26680000.0,outperform
148,2011-11-05 07:57:35,1320494255.0,pg,63.03,13.56756756756757,1234.719971,8.783981713379827,4.783585854187743,51.57,16.01,2.06,2.72,13.92,18.55,7.24,18.23,30.28,205550000000.0,205550000000.0,13.76,1.72,2.44,11.08,2.44,41790000000.0,11.08,11500000000.0,3.94,1.90,8.90,3580000000.0,1.30,33850000000.0,0.83,23.27,205550000000.0,0.47,0.03,58.10,35440000.0,3.30,1.30,34160000.0,outperform
149,2011-11-06 19:33:28,1320626008.0,pg,63.03,13.56756756756757,1261.150024,11.11257967062115,2.4549878969464203,51.57,16.01,2.06,2.72,13.92,18.55,7.24,18.23,30.28,205050000000.0,205050000000.0,13.76,1.72,2.43,11.06,2.43,41790000000.0,11.06,11500000000.0,3.94,1.90,8.90,3580000000.0,1.30,33850000000.0,0.83,23.27,205050000000.0,0.47,0.03,58.10,35440000.0,3.30,1.30,34160000.0,outperform
150,2011-11-06 20:59:05,1320631145.0,pg,63.03,13.56756756756757,1261.150024,11.11257967062115,2.4549878969464203,51.57,16.01,2.06,2.72,13.92,18.55,7.24,18.23,30.28,205050000000.0,205050000000.0,13.76,1.72,2.43,11.06,2.43,41790000000.0,11.06,11500000000.0,3.94,1.90,8.90,3580000000.0,1.30,33850000000.0,0.83,23.27,205050000000.0,0.47,0.03,58.10,35440000.0,3.30,1.30,34160000.0,outperform
151,2012-01-07 22:39:22,1325993962.0,pg,66.36,19.56756756756757,1277.300049,12.535464264321966,7.032103303245602,51.57,16.86,2.17,2.86,13.92,18.55,7.24,18.23,30.28,214210000000.0,214210000000.0,14.55,1.81,2.54,11.55,2.54,41790000000.0,11.55,11500000000.0,3.94,1.90,8.90,3580000000.0,1.30,33850000000.0,0.83,23.27,12950000000.0,0.50,0.02,32.40,29350000.0,3.20,1.10,29680000.0,outperform
152,2012-03-16 01:47:52,1331876872.0,pg,67.68,21.945945945945958,1395.949951,22.989015735599107,-1.0430697896531491,51.45,19.90,2.19,2.96,11.86,18.42,7.30,15.56,30.68,217230000000.0,217230000000.0,15.38,1.98,2.55,11.69,2.55,41790000000.0,11.69,9860000000.0,3.40,49.30,3.70,4410000000.0,1.60,33390000000.0,0.79,22.90,13350000000.0,0.30,0.02,32.40,26680000.0,2.30,1.00,21740000.0,underperform
153,2012-06-25 18:51:21,1340664681.0,pg,59.4,7.0270270270270245,1335.02002,17.62083456466257,-10.593807537635545,50.24,18.21,1.92,2.56,11.29,18.73,7.37,14.51,30.92,194430000000.0,194430000000.0,14.96,2.32,2.28,10.15,2.28,41790000000.0,10.15,9410000000.0,3.26,16.10,1.50,3990000000.0,1.46,33110000000.0,0.86,23.38,13090000000.0,0.33,0.02,32.50,19840000.0,1.80,0.70,14110000.0,underperform
154,2012-07-14 19:10:51,1342307451.0,pg,65.09,17.279279279279287,1341.449951,18.187338316728557,-0.9080590374492701,50.24,19.95,2.04,2.72,11.29,18.73,7.37,14.51,30.92,208850000000.0,208850000000.0,16.65,2.60,2.45,10.90,2.45,41790000000.0,10.90,9410000000.0,3.26,16.10,1.50,3990000000.0,1.46,33110000000.0,0.86,23.38,13090000000.0,0.32,0.02,32.50,18990000.0,1.60,0.70,20230000.0,underperform
155,2012-10-20 21:00:40,1350781240.0,pg,68.57,23.549549549549535,1460.910034,28.712270114847847,-5.1627205652983115,46.50,18.75,2.29,3.07,12.85,19.02,7.35,14.11,30.42,215570000000.0,215570000000.0,16.21,2.15,2.58,11.27,2.58,41290000000.0,11.27,8910000000.0,3.66,44.70,1.20,4440000000.0,1.61,29780000000.0,0.88,22.65,13280000000.0,0.27,0.02,35.10,22970000.0,2.40,0.80,19450000.0,underperform
156,2013-02-06 08:34:42,1360157682.0,pg,75.7,36.396396396396405,1262.859985,11.263234370086277,25.133162026310128,49.65,17.18,2.48,3.16,15.50,19.77,7.51,17.51,30.36,233390000000.0,233390000000.0,17.24,2.30,2.80,11.87,2.80,41290000000.0,11.87,11170000000.0,4.41,140.10,2.00,6970000000.0,2.55,33430000000.0,0.98,23.99,14410000000.0,0.30,0.02,35.10,15560000.0,1.70,0.60,17430000.0,outperform
157,2013-04-25 02:44:06,1366872246.0,pg,77.12,38.954954954954964,1562.5,37.66277003642632,1.2921849185286405,49.65,17.50,2.69,3.42,15.50,19.77,7.51,17.51,30.36,250270000000.0,250270000000.0,17.69,2.50,3.00,12.72,3.00,41290000000.0,12.72,11170000000.0,4.41,140.10,2.00,6970000000.0,2.55,33430000000.0,0.98,23.99,14410000000.0,0.31,0.02,37.90,21330000.0,2.70,0.80,24740000.0,outperform
158,2013-09-01 19:40:02,1378078802.0,pg,77.89,40.34234234234234,1638.170044,44.32961667055001,-3.9872743282076684,45.91,20.18,2.52,3.17,13.44,18.71,7.25,17.18,30.69,238700000000.0,238700000000.0,16.68,2.25,2.84,12.75,2.84,41740000000.0,12.75,11070000000.0,3.86,48.40,2.20,5950000000.0,2.17,31540000000.0,0.80,24.41,14870000000.0,0.34,0.02,34.40,19070000.0,2.80,0.70,19470000.0,underperform
159,2004-07-17 18:53:56,1090104836.0,pnw,40.71,0.0,2355.540039,0.0,0.0,1.101,15.49,1.30,1.30,8.46,17.47,2.62,8.64,31.064,3720000000.0,6840000000.0,12.96,3.83,2.41,7.35,2.41,1650000000.0,7.35,240190000.0,2.628,61.00,6.80,19190000.0,0.21,3140000000.0,0.557,31.200001,946780000.0,0.261,1.05,75.75,2220000.0,4.899,2.46,1670000.0,underperform
160,2004-09-10 13:01:57,1094835717.0,pnw,42.0,3.168754605747971,1194.369995,-49.29527941681487,52.46403402256284,1.15,14.97,1.33,1.33,8.90,16.84,2.74,9.08,31.5,3840000000.0,6890000000.0,13.17,4.15,2.39,7.52,2.39,1650000000.0,7.52,256360000.0,2.805,61.00,6.80,271820000.0,2.98,3330000000.0,0.977,31.698,978050000.0,0.258,1.00,76.12,1740000.0,4.206,1.92,2100000.0,outperform
161,2004-11-29 14:24:54,1101756294.0,pnw,45.41,11.545074920167025,1182.650024,-49.792828632958766,61.33790355312579,1.106,17.61,1.52,1.40,8.60,18.21,2.44,8.16,29.967,4160000000.0,7080000000.0,14.28,4.55,2.58,7.84,2.58,1650000000.0,7.84,235670000.0,2.579,61.00,6.80,373060000.0,4.07,3290000000.0,0.846,32.507,927260000.0,0.253,0.95,73.18,1320000.0,3.796,1.46,1330000.0,outperform
162,2005-03-19 09:18:40,1111241920.0,px,47.9,-35.61827956989248,1188.069946,-36.40563231124932,0.7873527413568411,0.977,22.77,2.34,4.30,10.86,16.73,8.19,21.27,19.903,15440000000.0,18960000000.0,17.42,1.99,2.88,11.28,2.88,2610000000.0,11.28,697000000.0,2.10,19.10,17.50,25000000.0,0.08,3530000000.0,0.93,11.149,1240000000.0,0.902,0.99,81.74,2720000.0,1.902,0.85,2610000.0,outperform
163,2005-04-10 04:31:32,1113121892.0,px,48.43,-34.90591397849463,1173.599976,-37.18017306596108,2.2742590874664472,0.977,23.02,2.38,4.36,10.86,16.73,8.19,21.27,19.903,15610000000.0,19110000000.0,17.61,2.00,2.90,11.37,2.90,2610000000.0,11.37,697000000.0,2.10,19.10,17.50,25000000.0,0.08,3530000000.0,0.93,11.149,1240000000.0,0.788,0.99,81.11,3370000.0,2.481,1.06,2720000.0,outperform
164,2012-11-04 11:00:48,1352044848.0,px,109.7,47.44623655913978,1427.589966,-23.584733784205095,71.03097034334488,108.30,19.55,2.87,5.36,15.13,22.06,9.22,27.49,37.53,39620000000.0,39620000000.0,17.64,1.89,3.53,11.42,3.53,4790000000.0,11.42,1700000000.0,5.61,0.20,4.20,108000000.0,0.36,7140000000.0,1.12,20.24,2660000000.0,0.82,0.10,0.60,2870000.0,2.70,1.00,2600000.0,outperform
165,2013-04-22 02:13:48,1366611228.0,px,109.75,47.51344086021504,1555.25,-16.751416294197305,64.26485715441234,110.33,19.56,2.90,5.36,15.08,21.63,8.81,27.49,37.63,39710000000.0,39710000000.0,16.05,1.53,3.54,11.58,3.54,4830000000.0,11.58,1690000000.0,5.61,1.40,0.10,157000000.0,0.53,7360000000.0,1.13,20.47,2750000000.0,0.74,0.10,0.50,3180000.0,2.90,1.10,2980000.0,outperform
166,2013-05-10 12:17:11,1368202631.0,px,114.23,53.534946236559136,1157.439941,-38.04517870903209,91.58012494559122,127.95,20.65,3.00,5.48,14.76,21.51,8.29,25.87,37.86,42480000000.0,42480000000.0,16.95,1.54,3.77,12.35,3.77,4830000000.0,12.35,1660000000.0,5.53,6.70,1.70,113000000.0,0.38,8680000000.0,1.09,20.86,2820000000.0,0.75,0.10,0.50,3210000.0,2.70,1.10,3180000.0,outperform
167,2011-10-04 23:29:22,1317785362.0,sai,11.61,-34.59154929577465,1162.910034,-44.70101233521939,10.10946303944474,76.43,6.87,0.35,1.60,5.55,8.34,10.18,22.54,31.46,4380000000.0,4380000000.0,8.35,1.27,0.40,4.23,0.40,1480000000.0,4.23,510000000.0,1.69,6.30,5.60,1340000000.0,3.92,1850000000.0,1.68,7.09,4380000000.0,0.36,0.52,42.60,12390000.0,3.10,4.30,13740000.0,outperform
168,2004-09-30 07:21:56,1096543316.0,shw,43.37,0.0,1103.52002,0.0,0.0,0.341,17.21,1.08,4.86,6.45,10.05,10.03,30.24,39.085,6170000000.0,6530000000.0,14.31,1.63,1.14,8.95,1.14,2460000000.0,8.95,369030000.0,2.52,160.30,4.30,233550000.0,1.64,512480000.0,1.432,8.902,631520000.0,0.714,16.13,68.99,2380000.0,3.535,1.99,2820000.0,underperform
169,2004-11-14 23:16:50,1100492210.0,shw,45.44,4.772884482361079,1815.689941,64.53620306770694,-59.76331858534586,0.559,17.35,1.08,4.67,6.48,10.01,9.88,31.27,40.425,6420000000.0,7440000000.0,15.00,1.71,1.26,9.94,1.26,2460000000.0,9.94,381600000.0,2.619,160.30,4.30,97220000.0,0.69,877550000.0,1.071,9.684,631520000.0,0.68,17.79,69.19,1200000.0,1.514,1.04,2140000.0,underperform
170,2004-12-10 15:43:02,1102711382.0,shw,43.96,1.360387364537707,1196.47998,8.423948665652677,-7.06356130111497,0.559,16.79,1.05,4.53,6.48,10.01,9.88,31.27,40.425,6210000000.0,7190000000.0,14.51,1.65,1.22,9.61,1.22,2460000000.0,9.61,381600000.0,2.619,160.30,4.30,97220000.0,0.69,877550000.0,1.071,9.684,639620000.0,0.692,17.79,67.16,1480000.0,2.231,1.27,1200000.0,underperform
171,2005-05-04 09:33:31,1115213611.0,shw,43.94,1.3142725386211676,1121.530029,1.6320509527321565,-0.31777841411098895,0.448,16.21,1.01,4.19,6.45,9.49,9.88,30.41,42.134,6170000000.0,7040000000.0,12.52,1.38,1.15,9.43,1.15,2700000000.0,9.43,393250000.0,2.71,18.40,13.10,45930000.0,0.33,738270000.0,1.172,10.481,544680000.0,0.616,17.99,67.91,1660000.0,2.287,1.44,1610000.0,underperform
172,2005-05-28 05:14:38,1117271678.0,shw,45.0,3.7583583121973776,1190.01001,7.8376457547186185,-4.079287442521241,0.625,15.26,0.98,4.24,6.71,10.49,10.22,27.92,45.227,6260000000.0,7420000000.0,12.75,1.39,1.17,9.306,1.17,2700000000.0,9.306,425080000.0,2.95,61.80,16.60,7500000.0,0.054,996570000.0,1.104,10.51,549030000.0,0.62,1.07,68.70,1470000.0,1.4,1.10,1660000.0,underperform
173,2013-05-14 10:23:17,1368541397.0,shw,187.7,332.78764122665433,1897.449951,71.94522225342139,260.84241897323295,93.98,30.36,2.00,10.56,6.76,10.21,10.50,38.96,94.07,20520000000.0,20520000000.0,20.18,1.76,2.15,17.72,2.15,4210000000.0,17.72,642030000.0,6.18,15.90,1.40,613930000.0,6.02,1700000000.0,1.73,17.78,951590000.0,0.58,16.92,72.80,2170000.0,2.50,2.50,1770000.0,outperform
174,2010-10-21 00:27:12,1287635232.0,sni,48.32,0.0,1184.709961,0.0,0.0,57.45,23.85,4.44,5.13,19.01,34.57,15.66,21.32,10.71,8449999999.999999,8449999999.999999,19.02,1.49,4.75,11.68,4.75,997600000.0,11.68,299660000.0,2.03,33.60,31.90,331010000.0,1.99,884320000.0,4.79,9.26,8449999999.999999,1.17,30.88,67.00,2740000.0,4.30,3.10,2180000.0,underperform
175,2013-04-25 05:40:32,1366882832.0,sni,66.59,37.81043046357617,1562.5,31.88882101414187,5.921609449434296,61.13,15.00,4.34,5.51,29.54,40.45,14.40,38.97,15.16,10890000000.0,10890000000.0,16.48,1.33,4.72,10.47,4.72,1700000000.0,10.47,681480000.0,4.44,126.50,9.20,437520000.0,2.95,1380000000.0,5.88,12.23,614680000.0,1.06,28.81,72.50,2540000.0,3.80,3.20,3540000.0,outperform
176,2005-04-01 10:35:23,1112369723.0,stx,19.55,41.76939811457579,1266.609985,13.052829926956411,28.71656818761938,0.364,30.36,1.50,4.48,5.29,3.59,7.98,17.14,12.566,9160000000.0,8430000000.0,13.21,0.90,1.38,12.79,1.38,1460000000.0,12.79,324000000.0,0.64,17.50,4.00,1480000000.0,3.15,742000000.0,2.02,4.359,804000000.0,2.222,0.99,47.93,36990000.0,9.078,7.97,34680000.0,outperform
177,2011-09-02 15:22:29,1314991349.0,stx,10.86,-21.247280638143582,1212.920044,8.260668298243736,-29.50794893638732,142.59,9.96,0.43,1.94,4.66,7.51,5.90,19.70,24.33,5080000000.0,5080000000.0,4.80,0.43,0.46,3.22,0.46,2150000000.0,3.22,511000000.0,1.09,68.60,7.60,3150000000.0,7.51,3510000000.0,1.86,5.80,5080000000.0,2.20,1.49,82.90,13040000.0,0.90,3.30,15290000.0,underperform
178,2011-11-02 23:39:05,1320291545.0,stx,16.84,22.11747643219725,876.1900019999999,-21.794585189689954,43.912061621887204,143.67,15.38,0.62,2.81,4.53,7.44,6.17,18.77,25.28,7410000000.0,7410000000.0,6.79,0.56,0.67,4.71,0.67,2150000000.0,4.71,502000000.0,1.10,6.00,4.20,2900000000.0,6.91,3480000000.0,1.97,5.78,7410000000.0,2.34,1.49,82.90,12620000.0,1.70,3.60,13760000.0,outperform
179,2011-11-19 16:59:52,1321739992.0,stx,16.01,16.098622189992767,1236.910034,10.401924321438113,5.696697868554654,143.67,14.62,0.63,2.90,4.53,7.44,6.17,18.77,25.28,7310000000.0,7310000000.0,5.62,0.36,0.66,4.65,0.66,2150000000.0,4.65,502000000.0,1.10,6.00,4.20,2900000000.0,6.91,3480000000.0,1.97,5.78,7310000000.0,2.34,1.49,82.90,15320000.0,1.20,4.30,12620000.0,outperform
180,2012-07-05 00:21:25,1341462085.0,stx,25.13,82.23350253807106,1257.369995,12.228103270473607,70.00539926759745,77.90,5.68,0.78,2.90,14.78,17.12,15.54,63.89,30.97,11500000000.0,11500000000.0,2.84,0.10,0.86,3.75,0.86,2150000000.0,3.75,1970000000.0,4.42,132.30,65.10,2049999999.9999998,4.81,2860000000.0,2.02,8.48,2130000000.0,2.64,12.29,74.10,17820000.0,1.30,5.00,19990000.0,outperform
181,2012-09-11 09:44:18,1347371058.0,stx,29.87,116.60623640319075,1255.189941,12.033519873048732,104.57271653014202,81.87,4.60,0.79,3.38,19.16,20.98,20.27,96.04,35.07,12900000000.0,12900000000.0,4.41,0.15,0.86,3.27,0.86,4680000000.0,3.27,2860000000.0,6.49,751.30,56.80,2120000000.0,5.33,2860000000.0,1.86,8.83,3260000000.0,2.68,12.29,74.10,23460000.0,2.10,6.60,25930000.0,outperform
182,2013-04-25 08:37:05,1366893425.0,stx,36.46,164.394488759971,1562.5,39.46285664317528,124.93163211679573,96.34,4.73,0.80,4.48,19.80,21.25,24.22,101.19,40.33,13310000000.0,13310000000.0,6.67,0.92,0.82,3.06,0.82,4680000000.0,3.06,3230000000.0,7.70,12.60,14.80,1870000000.0,5.22,2820000000.0,1.90,8.14,4360000000.0,2.87,13.70,80.60,29300000.0,5.70,8.50,31650000.0,outperform
183,2011-07-02 19:51:53,1309650713.0,tdc,60.91,164.13703382480486,902.650024,0.18980420407618828,163.94722962072868,23.55,34.61,5.05,7.97,14.85,21.01,13.44,27.29,12.01,9800000000.0,9800000000.0,23.98,2.08,4.87,21.69,4.87,1090000000.0,21.69,299000000.0,1.76,3.00,17.90,778000000.0,4.61,300000000.0,2.07,7.55,9800000000.0,0.82,1.80,83.30,3000000.0,1.70,1.80,3160000.0,outperform
184,2011-07-03 22:27:09,1309746429.0,tdc,60.91,164.13703382480486,1053.209961,16.901231898014903,147.23580192678995,23.55,34.61,5.05,7.97,14.85,21.01,13.44,27.29,12.01,9800000000.0,9800000000.0,23.98,2.08,4.87,21.69,4.87,1090000000.0,21.69,299000000.0,1.76,3.00,17.90,778000000.0,4.61,300000000.0,2.07,7.55,9800000000.0,0.82,1.80,83.30,3000000.0,1.70,1.80,3160000.0,outperform
185,2011-09-03 08:31:58,1315053118.0,tdc,49.03,112.61925411968778,1218.890015,35.2909197387375,77.32833438095028,21.61,25.54,4.04,6.28,15.44,20.57,13.25,27.67,12.65,7860000000.0,7860000000.0,18.93,1.62,3.70,16.70,3.70,1090000000.0,16.70,328000000.0,1.92,39.20,23.60,682000000.0,4.05,295000000.0,1.80,8.11,7860000000.0,0.84,1.80,83.30,4770000.0,1.70,2.80,3430000.0,outperform
186,2013-05-09 06:27:21,1368095241.0,tdc,54.08,134.51864700780573,883.919983,-1.8891401161250618,136.40778712393077,15.46,23.89,3.26,4.91,14.67,20.20,11.43,22.81,15.75,7800000000.0,7800000000.0,15.54,1.24,2.95,12.68,2.95,1490000000.0,12.68,387000000.0,2.26,35.20,4.20,853000000.0,5.16,271000000.0,1.93,10.60,626000000.0,0.78,0.36,87.00,4110000.0000000005,1.60,2.50,4550000.0,outperform
187,2012-07-16 07:41:57,1342438917.0,twc,83.46,116.49805447470818,2241.350098,47.872650641903896,68.6254038328043,360.71,15.86,1.31,3.48,8.62,21.54,5.70,21.33,62.00,50590000000.0,50590000000.0,12.13,0.94,2.53,7.07,2.53,10540000000.0,7.07,1710000000.0,5.26,17.50,6.40,2640000000.0,8.44,27150000000.0,0.70,23.99,5500000000.0,1.04,0.08,89.00,6940000.0,4.20,2.50,7130000.0,outperform
188,2012-12-01 03:31:05,1354350665.0,twc,94.89,146.147859922179,1137.069946,-24.982024436832738,171.12988435901175,359.24,13.60,1.36,3.75,10.56,21.52,5.72,28.93,66.95,51890000000.0,51890000000.0,13.79,1.12,2.48,6.91,2.48,10540000000.0,6.91,2190000000.0,6.98,127.00,9.20,3880000000.0,12.85,27360000000.0,0.97,25.09,5460000000.0,0.98,0.08,89.20,8940000.0,4.30,3.20,8220000.000000001,outperform
189,2013-03-14 18:35:15,1363300515.0,twc,91.66,137.769130998703,1846.339966,21.81193156844466,115.95719943025833,370.59,13.29,1.27,3.75,10.08,21.32,5.81,29.14,69.48,50050000000.0,50050000000.0,11.95,1.07,2.34,6.60,2.34,11440000000.0,6.60,2140000000.0000002,6.90,9.00,9.90,3470000000.0,11.74,26990000000.0,0.92,24.45,5520000000.0,0.95,0.08,92.00,7890000.0,2.50,2.80,8170000.0,outperform
190,2013-05-16 22:42:43,1368758563.0,twc,97.22,152.19195849546045,2046.609985,35.02470835867481,117.16725013678564,386.40,13.75,1.33,4.19,10.01,21.01,5.79,30.09,71.68,52100000000.0,52100000000.0,12.64,1.19,2.40,6.83,2.40,11440000000.0,6.83,2160000000.0,7.07,5.00,6.60,3290000000.0,11.31,26820000000.0,0.78,23.70,5540000000.0,0.91,0.08,92.00,6860000.0,2.20,2.30,9440000.0,outperform
191,2004-08-16 21:44:35,1092707075.0,urbn,28.73,0.0,2047.5999760000002,0.0,0.0,2.677,33.96,3.27,6.57,10.30,17.26,19.05,24.11,8.216,2320000000.0,2120000000.0,23.94,0.92,3.12,14.84,3.12,213470000.0,14.84,69890000.0,0.846,76.50,29.70,102290000.0,1.26,2.677,2.677,4.178,92840000.0,1.535,38.81,58.20,15550000.0,3.997,31.41,6750000.0,underperform
192,2004-09-25 15:51:56,1096141916.0,vmc,48.68,0.0,1113.560059,0.0,0.0,0.34,19.41,1.67,2.67,8.64,13.30,7.18,14.49,28.998,4980000000.0,5390000000.0,16.17,1.52,1.80,8.1,1.80,583470000.0,8.1,258620000.0,2.508,14.80,3.40,230920000.0,2.26,634840000.0,2.893,18.261999,561700000.0,0.712,34.96,73.93,2360000.0,8.014,3.56,2540000.0,underperform
193,2005-03-07 06:11:03,1110193863.0,vmc,59.65,22.53492193919474,1502.390015,34.91773549683323,-12.382813557638492,0.302,23.61,2.43,2.97,10.65,16.73,7.25,13.46,23.676,6110000000.0,6270000000.0,18.30,1.66,2.55,9.56,2.55,583470000.0,9.56,261410000.00000003,2.53,14.80,3.40,450660000.0,4.4,607750000.0,3.328,19.607,532520000.0,0.714,26.96,73.69,2890000.0,6.596,3.86,2120000.0,underperform
